player_id,web_name,team,position,gw,fixture,opponent_team_id,was_home,minutes,starts,total_points,goals_scored,assists,clean_sheets,expected_goals,expected_assists,expected_goal_involvements,ict_index,bonus,bps,defensive_contribution,value,selected,transfers_in,transfers_out
1,Raya,Arsenal,GKP,1,1,7,1,90,1,6,0,0,1,0.0,0.0,0.0,1.2,0,24,0.0,60.0,3347153,0,0
1,Raya,Arsenal,GKP,2,20,2,0,90,1,6,0,0,1,0.0,0.0,0.0,0.6,0,21,0.0,60.0,3801300,106734,81978
1,Raya,Arsenal,GKP,3,29,6,1,90,1,3,0,0,0,0.0,0.01,0.01,2.9,0,15,0.0,60.0,3887669,204948,228728
3,Meslier,Arsenal,GKP,1,1,7,1,0,0,0,0,0,0,0.0,0.0,0.0,0.0,0,0,0.0,50.0,2971,0,0
3,Meslier,Arsenal,GKP,2,20,2,0,0,0,0,0,0,0,0.0,0.0,0.0,0.0,0,0,0.0,50.0,3125,101,492
3,Meslier,Arsenal,GKP,3,29,6,1,0,0,0,0,0,0,0.0,0.0,0.0,0.0,0,0,0.0,50.0,3143,172,459
10,White,Arsenal,DEF,1,1,7,1,90,1,11,0,1,1,0.18,0.21,0.39,7.3,2,37,5.0,55.0,401419,0,0
10,White,Arsenal,DEF,2,20,2,0,90,1,7,0,0,1,0.0,0.05,0.05,3.7,1,26,4.0,55.0,683136,144941,25055
10,White,Arsenal,DEF,3,29,6,1,90,1,2,0,0,0,0.0,0.03,0.03,3.1,0,11,6.0,55.0,745511,163295,117376
12,Saka,Arsenal,MID,1,1,7,1,67,1,9,1,0,1,0.64,0.08,0.72,10.2,1,36,7.0,95.0,819914,0,0
12,Saka,Arsenal,MID,2,20,2,0,90,1,11,1,0,1,0.63,0.04,0.67,9.3,3,46,11.0,95.0,1039189,88913,35230
12,Saka,Arsenal,MID,3,29,6,1,89,1,2,0,0,0,0.23,0.23,0.46,10.8,0,13,4.0,95.0,1160318,156377,101286
2,Arrizabalaga,Arsenal,GKP,1,1,7,1,0,0,0,0,0,0,0.0,0.0,0.0,0.0,0,0,0.0,50.0,7415,0,0
2,Arrizabalaga,Arsenal,GKP,2,20,2,0,0,0,0,0,0,0,0.0,0.0,0.0,0.0,0,0,0.0,50.0,7844,322,1389
2,Arrizabalaga,Arsenal,GKP,3,29,6,1,0,0,0,0,0,0,0.0,0.0,0.0,0.0,0,0,0.0,50.0,8025,599,1214
7,Lewis-Skelly,Arsenal,MID,1,1,7,1,90,1,3,0,0,1,0.06,0.11,0.17,4.1,0,15,7.0,55.0,55656,0,0
7,Lewis-Skelly,Arsenal,MID,2,20,2,0,70,1,3,0,0,1,0.07,0.02,0.09,1.9,0,15,5.0,55.0,70615,9693,9051
7,Lewis-Skelly,Arsenal,MID,3,29,6,1,66,1,2,0,0,0,0.03,0.1,0.13,1.0,0,5,2.0,55.0,71335,8849,13490
8,Calafiori,Arsenal,DEF,1,1,7,1,80,1,9,0,1,1,0.04,0.09,0.13,4.2,0,31,5.0,55.0,3542684,0,0
8,Calafiori,Arsenal,DEF,2,20,2,0,90,1,11,0,1,1,0.11,0.46,0.57,4.2,2,30,3.0,56.0,4150694,310105,41633
8,Calafiori,Arsenal,DEF,3,29,6,1,66,1,2,0,0,0,0.39,0.03,0.42,3.4,0,0,1.0,57.0,4639050,515479,118556
9,Hincapie,Arsenal,DEF,1,1,7,1,9,0,1,0,0,0,0.0,0.0,0.0,0.1,0,3,0.0,55.0,165924,0,0
9,Hincapie,Arsenal,DEF,2,20,2,0,0,0,0,0,0,0,0.0,0.0,0.0,0.0,0,0,0.0,54.0,145234,3910,41046
9,Hincapie,Arsenal,DEF,3,29,6,1,23,0,1,0,0,0,0.0,0.0,0.0,0.9,0,3,3.0,54.0,119369,4425,35641
4,Gabriel,Arsenal,DEF,1,1,7,1,90,1,5,0,0,1,0.05,0.01,0.06,0.9,0,21,4.0,80.0,2647984,0,0
4,Gabriel,Arsenal,DEF,2,20,2,0,90,1,8,0,0,1,0.13,0.02,0.15,2.7,0,23,10.0,80.0,2878770,58765,124108
4,Gabriel,Arsenal,DEF,3,29,6,1,90,1,2,0,0,0,0.31,0.02,0.33,10.2,0,10,7.0,80.0,2590027,46883,345642
11,Mosquera,Arsenal,DEF,1,1,7,1,90,1,6,0,0,1,0.0,0.0,0.0,1.5,0,27,6.0,55.0,571606,0,0
11,Mosquera,Arsenal,DEF,2,20,2,0,78,1,6,0,0,1,0.0,0.01,0.01,1.2,0,25,4.0,55.0,566006,15410,45949
11,Mosquera,Arsenal,DEF,3,29,6,1,0,0,0,0,0,0,0.0,0.0,0.0,0.0,0,0,0.0,55.0,438589,13546,128368
16,Madueke,Arsenal,MID,1,1,7,1,22,0,1,0,0,0,0.0,0.04,0.04,5.3,0,8,2.0,65.0,30442,0,0
16,Madueke,Arsenal,MID,2,20,2,0,0,0,0,0,0,0,0.0,0.0,0.0,0.0,0,0,0.0,64.0,29476,1412,8231
16,Madueke,Arsenal,MID,3,29,6,1,1,0,1,0,0,0,0.0,0.01,0.01,0.3,0,3,1.0,63.0,24885,1276,8073
17,Merino,Arsenal,MID,1,1,7,1,14,0,1,0,0,0,0.14,0.02,0.16,1.9,0,5,2.0,60.0,62671,0,0
17,Merino,Arsenal,MID,2,20,2,0,19,0,1,0,0,0,0.0,0.0,0.0,0.4,0,7,4.0,60.0,58253,2422,15257
17,Merino,Arsenal,MID,3,29,6,1,13,0,0,0,0,0,0.0,0.0,0.0,0.1,0,0,0.0,59.0,51449,3061,13869
15,Ødegaard,Arsenal,MID,1,1,7,1,75,1,11,1,0,1,0.21,0.1,0.31,12.3,3,41,8.0,65.0,717252,0,0
15,Ødegaard,Arsenal,MID,2,20,2,0,70,1,3,0,0,1,0.08,0.07,0.15,1.9,0,13,5.0,66.0,1174125,289559,36860
15,Ødegaard,Arsenal,MID,3,29,6,1,76,1,10,1,0,0,0.72,0.88,1.6,12.9,3,47,3.0,66.0,1130521,119653,172602
14,Eze,Arsenal,MID,1,1,7,1,14,0,1,0,0,0,0.04,0.0,0.04,0.1,0,4,2.0,65.0,188164,0,0
14,Eze,Arsenal,MID,2,20,2,0,45,0,1,0,0,0,0.0,0.07,0.07,0.6,0,6,3.0,65.0,169814,5716,44492
14,Eze,Arsenal,MID,3,29,6,1,0,0,0,0,0,0,0.0,0.0,0.0,0.0,0,0,0.0,64.0,146059,8271,40572
6,Saliba,Arsenal,DEF,1,1,7,1,0,0,0,0,0,0,0.0,0.0,0.0,0.0,0,0,0.0,60.0,26559,0,0
6,Saliba,Arsenal,DEF,2,20,2,0,0,0,0,0,0,0,0.0,0.0,0.0,0.0,0,0,0.0,60.0,25581,846,6816
6,Saliba,Arsenal,DEF,3,29,6,1,0,0,0,0,0,0,0.0,0.0,0.0,0.0,0,0,0.0,60.0,23846,1102,5482
13,Rice,Arsenal,MID,1,1,7,1,67,1,3,0,0,1,0.07,0.08,0.15,1.5,0,10,6.0,75.0,1604406,0,0
13,Rice,Arsenal,MID,2,20,2,0,84,1,5,0,0,1,0.0,0.1,0.1,5.2,0,19,12.0,75.0,1662633,35487,157722
13,Rice,Arsenal,MID,3,29,6,1,90,1,5,0,1,0,0.03,0.08,0.11,5.6,0,22,6.0,75.0,1465517,21785,248891
5,J.Timber,Arsenal,DEF,1,1,7,1,0,0,0,0,0,0,0.0,0.0,0.0,0.0,0,0,0.0,65.0,11200,0,0
5,J.Timber,Arsenal,DEF,2,20,2,0,0,0,0,0,0,0,0.0,0.0,0.0,0.0,0,0,0.0,65.0,9810,401,3104
5,J.Timber,Arsenal,DEF,3,29,6,1,0,0,0,0,0,0,0.0,0.0,0.0,0.0,0,0,0.0,65.0,8594,549,2441
18,Martinelli,Arsenal,MID,1,1,7,1,0,0,0,0,0,0,0.0,0.0,0.0,0.0,0,0,0.0,65.0,21290,0,0
18,Martinelli,Arsenal,MID,2,20,2,0,0,0,0,0,0,0,0.0,0.0,0.0,0.0,0,0,0.0,64.0,19331,1318,7036
18,Martinelli,Arsenal,MID,3,29,6,1,0,0,0,0,0,0,0.0,0.0,0.0,0.0,0,0,0.0,63.0,15232,1165,6606
19,Zubimendi,Arsenal,MID,1,1,7,1,22,0,1,0,0,0,0.0,0.02,0.02,0.6,0,3,3.0,55.0,107568,0,0
19,Zubimendi,Arsenal,MID,2,20,2,0,5,0,1,0,0,0,0.0,0.0,0.0,0.6,0,5,2.0,55.0,94430,1579,20592
19,Zubimendi,Arsenal,MID,3,29,6,1,23,0,1,0,0,0,0.08,0.02,0.1,1.3,0,1,4.0,54.0,80922,3485,20017
20,Dowman,Arsenal,MID,1,1,7,1,0,0,0,0,0,0,0.0,0.0,0.0,0.0,0,0,0.0,55.0,8920,0,0
20,Dowman,Arsenal,MID,2,20,2,0,0,0,0,0,0,0,0.0,0.0,0.0,0.0,0,0,0.0,54.0,8233,473,2330
20,Dowman,Arsenal,MID,3,29,6,1,0,0,0,0,0,0,0.0,0.0,0.0,0.0,0,0,0.0,54.0,7381,608,1997
23,Fábio Vieira,Arsenal,MID,1,1,7,1,0,0,0,0,0,0,0.0,0.0,0.0,0.0,0,0,0.0,55.0,892,0,0
23,Fábio Vieira,Arsenal,MID,2,20,2,0,0,0,0,0,0,0,0.0,0.0,0.0,0.0,0,0,0.0,55.0,979,80,215
23,Fábio Vieira,Arsenal,MID,3,29,6,1,0,0,0,0,0,0,0.0,0.0,0.0,0.0,0,0,0.0,55.0,972,175,311
22,Nwaneri,Arsenal,MID,1,1,7,1,0,0,0,0,0,0,0.0,0.0,0.0,0.0,0,0,0.0,55.0,1260,0,0
22,Nwaneri,Arsenal,MID,2,20,2,0,0,0,0,0,0,0,0.0,0.0,0.0,0.0,0,0,0.0,55.0,1254,76,324
22,Nwaneri,Arsenal,MID,3,29,6,1,0,0,0,0,0,0,0.0,0.0,0.0,0.0,0,0,0.0,54.0,1107,157,427
26,Havertz,Arsenal,FWD,1,1,7,1,90,1,6,1,0,1,0.26,0.03,0.29,7.5,0,34,2.0,75.0,468616,0,0
26,Havertz,Arsenal,FWD,2,20,2,0,90,1,2,0,0,1,0.02,0.03,0.05,2.9,0,5,5.0,75.0,752082,187608,38825
26,Havertz,Arsenal,FWD,3,29,6,1,77,1,8,1,0,0,0.27,0.27,0.54,13.7,2,38,1.0,75.0,686572,72519,141389
31,Konsa,Arsenal,DEF,1,1,7,1,0,0,0,0,0,0,0.0,0.0,0.0,0.0,0,0,0.0,45.0,1206127,0,0
31,Konsa,Arsenal,DEF,2,20,2,0,11,0,1,0,0,0,0.0,0.0,0.0,0.3,0,3,1.0,45.0,1061562,49821,229587
31,Konsa,Arsenal,DEF,3,29,6,1,90,1,4,0,0,0,0.0,0.01,0.01,2.5,0,15,10.0,44.0,1139279,270872,199146
27,G.Jesus,Arsenal,FWD,1,1,7,1,0,0,0,0,0,0,0.0,0.0,0.0,0.0,0,0,0.0,60.0,31403,0,0
27,G.Jesus,Arsenal,FWD,2,20,2,0,0,0,0,0,0,0,0.0,0.0,0.0,0.0,0,0,0.0,60.0,32779,1914,7178
27,G.Jesus,Arsenal,FWD,3,29,6,1,0,0,0,0,0,0,0.0,0.0,0.0,0.0,0,0,0.0,59.0,26101,2250,11109
25,Gyökeres,Arsenal,FWD,1,1,7,1,0,0,0,0,0,0,0.0,0.0,0.0,0.0,0,0,0.0,75.0,816962,0,0
25,Gyökeres,Arsenal,FWD,2,20,2,0,0,0,0,0,0,0,0.0,0.0,0.0,0.0,0,0,0.0,74.0,650596,8776,238129
25,Gyökeres,Arsenal,FWD,3,29,6,1,12,0,1,0,0,0,0.0,0.0,0.0,0.0,0,2,1.0,73.0,466852,8161,200991
24,Nelson,Arsenal,MID,1,1,7,1,0,0,0,0,0,0,0.0,0.0,0.0,0.0,0,0,0.0,55.0,853,0,0
24,Nelson,Arsenal,MID,2,20,2,0,0,0,0,0,0,0,0.0,0.0,0.0,0.0,0,0,0.0,55.0,966,64,172
24,Nelson,Arsenal,MID,3,29,6,1,0,0,0,0,0,0,0.0,0.0,0.0,0.0,0,0,0.0,55.0,662,4,303
452,Bruno G.,Arsenal,MID,1,1,7,1,0,0,0,0,0,0,0.0,0.0,0.0,0.0,0,0,0.0,70.0,391151,0,0
452,Bruno G.,Arsenal,MID,2,20,2,0,19,0,1,0,0,0,0.0,0.01,0.01,0.4,0,4,3.0,69.0,265263,850,126555
452,Bruno G.,Arsenal,MID,3,29,6,1,0,0,0,0,0,0,0.0,0.0,0.0,0.0,0,0,0.0,68.0,212586,5546,62782
34,Pau,Aston Villa,DEF,1,7,5,0,73,1,0,0,0,0,0.0,0.0,0.0,0.0,0,-14,5.0,45.0,38472,0,0
34,Pau,Aston Villa,DEF,2,20,1,1,90,1,2,0,0,0,0.0,0.01,0.01,1.2,0,6,4.0,45.0,41549,1831,5060
34,Pau,Aston Villa,DEF,3,25,11,0,0,0,0,0,0,0,0.0,0.0,0.0,0.0,0,0,0.0,45.0,46943,5255,4336
30,Digne,Aston Villa,DEF,1,7,5,0,0,0,0,0,0,0,0.0,0.0,0.0,0.0,0,0,0.0,45.0,13780,0,0
30,Digne,Aston Villa,DEF,2,20,1,1,0,0,0,0,0,0,0.0,0.0,0.0,0.0,0,0,0.0,45.0,8690,0,4977
30,Digne,Aston Villa,DEF,3,25,11,0,0,0,0,0,0,0,0.0,0.0,0.0,0.0,0,0,0.0,45.0,6725,0,2071
32,Cash,Aston Villa,DEF,1,7,5,0,90,1,-1,0,0,0,0.0,0.0,0.0,1.3,0,-8,7.0,45.0,789072,0,0
32,Cash,Aston Villa,DEF,2,20,1,1,77,1,2,0,0,0,0.15,0.01,0.16,2.3,0,8,6.0,45.0,749133,26978,106327
32,Cash,Aston Villa,DEF,3,25,11,0,84,1,6,0,0,1,0.0,0.03,0.03,2.9,0,23,1.0,45.0,731987,41628,77307
33,Mings,Aston Villa,DEF,1,7,5,0,16,0,1,0,0,0,0.0,0.0,0.0,0.2,0,5,1.0,45.0,29034,0,0
33,Mings,Aston Villa,DEF,2,20,1,1,0,0,0,0,0,0,0.0,0.0,0.0,0.0,0,0,0.0,45.0,38144,3253,3507
33,Mings,Aston Villa,DEF,3,25,11,0,90,1,6,0,0,1,0.11,0.02,0.13,3.2,0,28,5.0,45.0,38099,2622,4836
35,Bogarde,Aston Villa,MID,1,7,5,0,16,0,1,0,0,0,0.0,0.0,0.0,0.3,0,3,1.0,50.0,5822,0,0
35,Bogarde,Aston Villa,MID,2,20,1,1,0,0,0,0,0,0,0.0,0.0,0.0,0.0,0,0,0.0,50.0,6973,636,985
35,Bogarde,Aston Villa,MID,3,25,11,0,0,0,0,0,0,0,0.0,0.0,0.0,0.0,0,0,0.0,50.0,7284,945,1256
36,Maatsen,Aston Villa,DEF,1,7,5,0,81,1,0,0,0,0,0.03,0.0,0.03,1.3,0,-9,9.0,45.0,71952,0,0
36,Maatsen,Aston Villa,DEF,2,20,1,1,90,1,1,0,0,0,0.07,0.0,0.07,1.7,0,-5,8.0,45.0,72655,2546,8858
36,Maatsen,Aston Villa,DEF,3,25,11,0,74,1,7,0,0,1,0.0,0.42,0.42,3.4,1,29,3.0,45.0,83194,11292,8625
557,Tzolis,Arsenal,MID,1,1,7,1,75,1,6,0,1,1,0.19,0.14,0.33,8.7,0,30,6.0,65.0,2247384,0,0
557,Tzolis,Arsenal,MID,2,20,2,0,45,1,0,0,0,0,0.0,0.01,0.01,1.6,0,1,3.0,65.0,2597617,236687,55700
557,Tzolis,Arsenal,MID,3,29,6,1,90,1,5,0,1,0,0.0,0.2,0.2,8.5,1,31,8.0,65.0,1889271,91384,693324
29,M.Bizot,Aston Villa,GKP,1,7,5,0,90,1,1,0,0,0,0.0,0.0,0.0,2.8,0,1,0.0,45.0,10183,0,0
29,M.Bizot,Aston Villa,GKP,2,20,1,1,0,0,0,0,0,0,0.0,0.0,0.0,0.0,0,0,0.0,45.0,13320,845,881
29,M.Bizot,Aston Villa,GKP,3,25,11,0,0,0,0,0,0,0,0.0,0.0,0.0,0.0,0,0,0.0,45.0,14920,2306,2375
37,Lindelöf,Aston Villa,DEF,1,7,5,0,90,1,-2,0,0,0,0.0,0.0,0.0,0.2,0,-13,3.0,45.0,24630,0,0
37,Lindelöf,Aston Villa,DEF,2,20,1,1,90,1,2,0,0,0,0.0,0.08,0.08,1.6,0,10,7.0,45.0,27172,1775,4011
37,Lindelöf,Aston Villa,DEF,3,25,11,0,90,1,6,0,0,1,0.0,0.08,0.08,4.9,0,28,4.0,45.0,29725,3211,2995
38,A.García,Aston Villa,DEF,1,7,5,0,0,0,0,0,0,0,0.0,0.0,0.0,0.0,0,0,0.0,40.0,157304,0,0
38,A.García,Aston Villa,DEF,2,20,1,1,0,0,0,0,0,0,0.0,0.0,0.0,0.0,0,0,0.0,40.0,167046,7339,13923
38,A.García,Aston Villa,DEF,3,25,11,0,0,0,0,0,0,0,0.0,0.0,0.0,0.0,0,0,0.0,40.0,187661,16171,16677
44,Bailey,Aston Villa,MID,1,7,5,0,0,0,0,0,0,0,0.0,0.0,0.0,0.0,0,0,0.0,55.0,12940,0,0
44,Bailey,Aston Villa,MID,2,20,1,1,0,0,0,0,0,0,0.0,0.0,0.0,0.0,0,0,0.0,55.0,14192,1002,2657
44,Bailey,Aston Villa,MID,3,25,11,0,0,0,0,0,0,0,0.0,0.0,0.0,0.0,0,0,0.0,54.0,12237,1094,3724
39,Nedeljkovic,Aston Villa,DEF,1,7,5,0,0,0,0,0,0,0,0.0,0.0,0.0,0.0,0,0,0.0,40.0,29043,0,0
39,Nedeljkovic,Aston Villa,DEF,2,20,1,1,0,0,0,0,0,0,0.0,0.0,0.0,0.0,0,0,0.0,40.0,21591,0,7238
39,Nedeljkovic,Aston Villa,DEF,3,25,11,0,0,0,0,0,0,0,0.0,0.0,0.0,0.0,0,0,0.0,40.0,17687,0,3988
41,Buendía,Aston Villa,MID,1,7,5,0,85,1,2,0,0,0,0.13,0.09,0.22,2.2,0,4,7.0,60.0,120830,0,0
41,Buendía,Aston Villa,MID,2,20,1,1,90,1,2,0,0,0,0.04,0.02,0.06,2.7,0,9,5.0,60.0,114718,5020,21886
41,Buendía,Aston Villa,MID,3,25,11,0,74,1,3,0,0,1,0.61,0.05,0.66,1.4,0,2,2.0,60.0,128636,20598,24117
48,Onana,Aston Villa,MID,1,7,5,0,0,0,0,0,0,0,0.0,0.0,0.0,0.0,0,0,0.0,50.0,2081,0,0
48,Onana,Aston Villa,MID,2,20,1,1,0,0,0,0,0,0,0.0,0.0,0.0,0.0,0,0,0.0,50.0,2156,157,529
48,Onana,Aston Villa,MID,3,25,11,0,0,0,0,0,0,0,0.0,0.0,0.0,0.0,0,0,0.0,50.0,1852,140,570
45,McGinn,Aston Villa,MID,1,7,5,0,81,1,1,0,0,0,0.04,0.01,0.05,0.5,0,8,6.0,55.0,290994,0,0
45,McGinn,Aston Villa,MID,2,20,1,1,90,1,1,0,0,0,0.05,0.05,0.1,1.7,0,2,4.0,55.0,274653,7606,44653
45,McGinn,Aston Villa,MID,3,25,11,0,90,1,3,0,0,1,0.68,0.03,0.71,1.1,0,6,5.0,54.0,252885,16891,44482
47,Kamara,Aston Villa,MID,1,7,5,0,90,1,2,0,0,0,0.0,0.0,0.0,1.4,0,9,7.0,50.0,31172,0,0
47,Kamara,Aston Villa,MID,2,20,1,1,90,1,2,0,0,0,0.0,0.03,0.03,2.5,0,13,8.0,50.0,33591,2489,4739
47,Kamara,Aston Villa,MID,3,25,11,0,90,1,3,0,0,1,0.0,0.07,0.07,4.0,0,20,10.0,50.0,35132,5061,5781
56,Abraham,Aston Villa,FWD,1,7,5,0,0,0,0,0,0,0,0.0,0.0,0.0,0.0,0,0,0.0,55.0,11764,0,0
56,Abraham,Aston Villa,FWD,2,20,1,1,19,0,1,0,0,0,0.0,0.0,0.0,0.1,0,3,0.0,55.0,10592,597,2683
56,Abraham,Aston Villa,FWD,3,25,11,0,5,0,1,0,0,0,0.0,0.0,0.0,0.3,0,3,1.0,55.0,14917,4925,2751
166,N.Jackson,Aston Villa,FWD,1,10,10,0,0,0,0,0,0,0,0.0,0.0,0.0,0.0,0,0,0.0,65.0,29435,0,0
166,N.Jackson,Aston Villa,FWD,2,20,1,1,70,1,2,0,0,0,0.0,0.1,0.1,1.2,0,11,3.0,65.0,63340,26989,5175
166,N.Jackson,Aston Villa,FWD,3,25,11,0,84,1,2,0,0,1,0.24,0.44,0.68,3.9,0,10,2.0,65.0,115958,46877,9043
50,Burrowes,Aston Villa,MID,1,7,5,0,0,0,0,0,0,0,0.0,0.0,0.0,0.0,0,0,0.0,45.0,60228,0,0
50,Burrowes,Aston Villa,MID,2,20,1,1,0,0,0,0,0,0,0.0,0.0,0.0,0.0,0,0,0.0,45.0,64781,3513,6768
50,Burrowes,Aston Villa,MID,3,25,11,0,0,0,0,0,0,0,0.0,0.0,0.0,0.0,0,0,0.0,45.0,72806,8705,9113
46,Barkley,Aston Villa,MID,1,7,5,0,73,1,2,0,0,0,0.1,0.02,0.12,3.8,0,11,1.0,50.0,20508,0,0
46,Barkley,Aston Villa,MID,2,20,1,1,77,1,2,0,0,0,0.03,0.02,0.05,3.8,0,23,10.0,50.0,23246,1875,2716
46,Barkley,Aston Villa,MID,3,25,11,0,90,1,3,0,0,1,0.22,0.09,0.31,6.3,0,15,6.0,50.0,27497,5744,4009
49,Iling Jr,Aston Villa,MID,1,7,5,0,0,0,0,0,0,0,0.0,0.0,0.0,0.0,0,0,0.0,50.0,394,0,0
49,Iling Jr,Aston Villa,MID,2,20,1,1,0,0,0,0,0,0,0.0,0.0,0.0,0.0,0,0,0.0,50.0,271,0,120
49,Iling Jr,Aston Villa,MID,3,25,11,0,0,0,0,0,0,0,0.0,0.0,0.0,0.0,0,0,0.0,50.0,211,0,63
54,Gomes,Aston Villa,MID,1,7,5,0,39,1,-2,0,0,0,0.0,0.01,0.01,1.2,0,-2,7.0,55.0,6573,0,0
54,Gomes,Aston Villa,MID,2,20,1,1,0,0,0,0,0,0,0.0,0.0,0.0,0.0,0,0,0.0,55.0,5096,154,1883
54,Gomes,Aston Villa,MID,3,25,11,0,0,0,0,0,0,0,0.0,0.0,0.0,0.0,0,0,0.0,55.0,4112,90,1185
582,Madjo,Aston Villa,FWD,1,7,5,0,0,0,0,0,0,0,0.0,0.0,0.0,0.0,0,0,0.0,55.0,46241,0,0
582,Madjo,Aston Villa,FWD,2,20,1,1,0,0,0,0,0,0,0.0,0.0,0.0,0.0,0,0,0.0,55.0,40291,1166,8923
582,Madjo,Aston Villa,FWD,3,25,11,0,0,0,0,0,0,0,0.0,0.0,0.0,0.0,0,0,0.0,55.0,31743,894,9357
51,George Hemmings,Aston Villa,MID,1,7,5,0,90,1,2,0,0,0,0.0,0.0,0.0,2.4,0,12,5.0,45.0,60759,0,0
51,George Hemmings,Aston Villa,MID,2,20,1,1,70,1,2,0,0,0,0.0,0.01,0.01,0.6,0,5,6.0,45.0,72550,8743,5484
51,George Hemmings,Aston Villa,MID,3,25,11,0,74,1,3,0,0,1,0.07,0.14,0.21,4.5,0,12,7.0,45.0,110782,36405,14435
52,Alysson,Aston Villa,MID,1,7,5,0,8,0,1,0,0,0,0.0,0.0,0.0,0.4,0,5,3.0,50.0,3792,0,0
52,Alysson,Aston Villa,MID,2,20,1,1,19,0,0,0,0,0,0.0,0.0,0.0,0.4,0,2,2.0,50.0,4426,343,596
52,Alysson,Aston Villa,MID,3,25,11,0,15,0,1,0,0,0,0.0,0.0,0.0,0.2,0,3,1.0,50.0,4733,827,929
53,Manzambi,Aston Villa,MID,1,7,5,0,0,0,0,0,0,0,0.0,0.0,0.0,0.0,0,0,0.0,60.0,26624,0,0
53,Manzambi,Aston Villa,MID,2,20,1,1,0,0,0,0,0,0,0.0,0.0,0.0,0.0,0,0,0.0,60.0,18618,232,8790
53,Manzambi,Aston Villa,MID,3,25,11,0,0,0,0,0,0,0,0.0,0.0,0.0,0.0,0,0,0.0,59.0,14230,341,5049
55,Watkins,Aston Villa,FWD,1,7,5,0,0,0,0,0,0,0,0.0,0.0,0.0,0.0,0,0,0.0,80.0,898121,0,0
55,Watkins,Aston Villa,FWD,2,20,1,1,0,0,0,0,0,0,0.0,0.0,0.0,0.0,0,0,0.0,79.0,734872,10632,276460
55,Watkins,Aston Villa,FWD,3,25,11,0,0,0,0,0,0,0,0.0,0.0,0.0,0.0,0,0,0.0,78.0,433685,4250,309379
596,Ruggeri,Aston Villa,DEF,1,7,5,0,8,0,1,0,0,0,0.0,0.0,0.0,0.4,0,3,2.0,45.0,7884,0,0
596,Ruggeri,Aston Villa,DEF,2,20,1,1,0,0,0,0,0,0,0.0,0.0,0.0,0.0,0,0,0.0,45.0,10673,856,1099
596,Ruggeri,Aston Villa,DEF,3,25,11,0,15,0,1,0,0,0,0.0,0.01,0.01,0.5,0,3,1.0,45.0,10240,736,1726
160,Garnacho,Aston Villa,MID,1,7,5,0,4,0,1,0,0,0,0.0,0.0,0.0,0.0,0,2,0.0,60.0,54802,0,0
160,Garnacho,Aston Villa,MID,2,20,1,1,12,0,1,0,0,0,0.0,0.0,0.0,0.2,0,3,2.0,60.0,53506,2021,10575
160,Garnacho,Aston Villa,MID,3,25,11,0,15,0,1,0,0,0,0.0,0.0,0.0,0.3,0,4,0.0,59.0,46064,2557,12081
597,Suzuki,Aston Villa,GKP,1,7,5,0,0,0,0,0,0,0,0.0,0.0,0.0,0.0,0,0,0.0,50.0,61739,0,0
597,Suzuki,Aston Villa,GKP,2,20,1,1,90,1,2,0,0,0,0.0,0.0,0.0,1.4,0,8,0.0,50.0,82325,4229,6771
597,Suzuki,Aston Villa,GKP,3,25,11,0,90,1,10,0,0,1,0.0,0.0,0.0,2.7,3,38,0.0,50.0,144003,33094,11274
606,Rowe,Aston Villa,DEF,1,7,5,0,0,0,0,0,0,0,0.0,0.0,0.0,0.0,0,0,0.0,40.0,0,0,0
606,Rowe,Aston Villa,DEF,2,20,1,1,0,0,0,0,0,0,0.0,0.0,0.0,0.0,0,0,0.0,40.0,5947,1560,246
606,Rowe,Aston Villa,DEF,3,25,11,0,0,0,0,0,0,0,0.0,0.0,0.0,0.0,0,0,0.0,40.0,18767,6400,1683
631,Mbaye,Aston Villa,MID,3,25,11,0,0,0,0,0,0,0,0.0,0.0,0.0,0.0,0,0,0.0,60.0,4421,4056,630
58,Forster,Bournemouth,GKP,1,8,15,0,0,0,0,0,0,0,0.0,0.0,0.0,0.0,0,0,0.0,40.0,283903,0,0
58,Forster,Bournemouth,GKP,2,12,9,1,0,0,0,0,0,0,0.0,0.0,0.0,0.0,0,0,0.0,40.0,317899,9562,10653
58,Forster,Bournemouth,GKP,3,27,17,0,0,0,0,0,0,0,0.0,0.0,0.0,0.0,0,0,0.0,40.0,371559,38348,21325
66,Soler,Bournemouth,DEF,1,8,15,0,0,0,0,0,0,0,0.0,0.0,0.0,0.0,0,0,0.0,40.0,19739,0,0
66,Soler,Bournemouth,DEF,2,12,9,1,0,0,0,0,0,0,0.0,0.0,0.0,0.0,0,0,0.0,40.0,18565,416,2427
66,Soler,Bournemouth,DEF,3,27,17,0,0,0,0,0,0,0,0.0,0.0,0.0,0.0,0,0,0.0,40.0,30657,6046,2355
59,Dennis,Bournemouth,GKP,1,8,15,0,0,0,0,0,0,0,0.0,0.0,0.0,0.0,0,0,0.0,40.0,16822,0,0
59,Dennis,Bournemouth,GKP,2,12,9,1,0,0,0,0,0,0,0.0,0.0,0.0,0.0,0,0,0.0,40.0,18847,1133,1517
59,Dennis,Bournemouth,GKP,3,27,17,0,0,0,0,0,0,0,0.0,0.0,0.0,0.0,0,0,0.0,40.0,15695,0,2784
618,Goretzka,Aston Villa,MID,2,20,1,1,0,0,0,0,0,0,0.0,0.0,0.0,0.0,0,0,0.0,60.0,386,212,7
618,Goretzka,Aston Villa,MID,3,25,11,0,0,0,0,0,0,0,0.0,0.0,0.0,0.0,0,0,0.0,60.0,5084,3449,841
630,Harwood-Bellis,Aston Villa,DEF,3,25,11,0,0,0,0,0,0,0,0.0,0.0,0.0,0.0,0,0,0.0,45.0,1010,945,190
607,Lynch,Aston Villa,MID,1,7,5,0,0,0,0,0,0,0,0.0,0.0,0.0,0.0,0,0,0.0,45.0,0,0,0
607,Lynch,Aston Villa,MID,2,20,1,1,0,0,0,0,0,0,0.0,0.0,0.0,0.0,0,0,0.0,45.0,8874,3603,832
607,Lynch,Aston Villa,MID,3,25,11,0,0,0,0,0,0,0,0.0,0.0,0.0,0.0,0,0,0.0,45.0,12683,3500,2323
57,Petrović,Bournemouth,GKP,1,8,15,0,90,1,2,0,0,0,0.0,0.0,0.0,3.7,0,13,0.0,45.0,288326,0,0
57,Petrović,Bournemouth,GKP,2,12,9,1,90,1,3,0,0,0,0.0,0.0,0.0,3.4,0,20,0.0,45.0,332768,25378,14053
57,Petrović,Bournemouth,GKP,3,27,17,0,90,1,1,0,0,0,0.0,0.0,0.0,0.3,0,0,0.0,45.0,349425,45982,34952
68,Tavernier,Bournemouth,MID,1,8,15,0,90,1,10,1,0,0,0.4,0.08,0.48,7.5,3,32,8.0,60.0,139421,0,0
68,Tavernier,Bournemouth,MID,2,12,9,1,90,1,1,0,0,0,0.09,0.21,0.3,6.4,0,20,11.0,60.0,254437,87207,12431
68,Tavernier,Bournemouth,MID,3,27,17,0,88,1,10,1,0,0,1.01,0.05,1.06,13.7,3,43,9.0,60.0,230783,28263,49848
60,Hill,Bournemouth,DEF,1,8,15,0,90,1,1,0,0,0,0.0,0.0,0.0,1.2,0,0,6.0,55.0,72436,0,0
60,Hill,Bournemouth,DEF,2,12,9,1,90,1,4,0,0,0,0.0,0.74,0.74,5.1,0,19,12.0,55.0,89428,9153,6741
60,Hill,Bournemouth,DEF,3,27,17,0,90,1,1,0,0,0,0.0,0.02,0.02,5.0,0,4,6.0,55.0,87381,7094,11668
611,Wan-Bissaka,Aston Villa,DEF,2,20,1,1,12,0,1,0,0,0,0.0,0.0,0.0,0.4,0,4,2.0,45.0,4588,1549,166
611,Wan-Bissaka,Aston Villa,DEF,3,25,11,0,5,0,1,0,0,0,0.0,0.0,0.0,0.4,0,3,1.0,45.0,15829,6633,1621
63,Milosavljević,Bournemouth,DEF,1,8,15,0,0,0,0,0,0,0,0.0,0.0,0.0,0.0,0,0,0.0,50.0,1122,0,0
63,Milosavljević,Bournemouth,DEF,2,12,9,1,0,0,0,0,0,0,0.0,0.0,0.0,0.0,0,0,0.0,50.0,1026,74,296
63,Milosavljević,Bournemouth,DEF,3,27,17,0,0,0,0,0,0,0,0.0,0.0,0.0,0.0,0,0,0.0,50.0,919,88,242
65,J.Araujo,Bournemouth,DEF,1,8,15,0,0,0,0,0,0,0,0.0,0.0,0.0,0.0,0,0,0.0,45.0,1775,0,0
65,J.Araujo,Bournemouth,DEF,2,12,9,1,0,0,0,0,0,0,0.0,0.0,0.0,0.0,0,0,0.0,45.0,1571,88,506
65,J.Araujo,Bournemouth,DEF,3,27,17,0,0,0,0,0,0,0,0.0,0.0,0.0,0.0,0,0,0.0,45.0,1391,96,366
64,Smith,Bournemouth,DEF,1,8,15,0,90,1,1,0,0,0,0.0,0.0,0.0,0.8,0,4,5.0,45.0,8561,0,0
64,Smith,Bournemouth,DEF,2,12,9,1,90,1,1,0,0,0,0.0,0.02,0.02,3.1,0,5,6.0,45.0,13789,2845,1018
64,Smith,Bournemouth,DEF,3,27,17,0,90,1,0,0,0,0,0.01,0.04,0.05,3.9,0,3,4.0,45.0,13869,1630,2091
62,Diakité,Bournemouth,DEF,1,8,15,0,0,0,0,0,0,0,0.0,0.0,0.0,0.0,0,0,0.0,50.0,15573,0,0
62,Diakité,Bournemouth,DEF,2,12,9,1,0,0,0,0,0,0,0.0,0.0,0.0,0.0,0,0,0.0,50.0,19940,2722,2321
62,Diakité,Bournemouth,DEF,3,27,17,0,0,0,0,0,0,0,0.0,0.0,0.0,0.0,0,0,0.0,50.0,18773,1710,3863
67,Rayan,Bournemouth,MID,1,8,15,0,88,1,2,0,0,0,0.04,0.03,0.07,3.5,0,9,1.0,65.0,242374,0,0
67,Rayan,Bournemouth,MID,2,12,9,1,90,1,2,0,0,0,0.4,0.02,0.42,5.6,0,4,5.0,65.0,276541,23680,22179
67,Rayan,Bournemouth,MID,3,27,17,0,88,1,2,0,0,0,0.04,0.01,0.05,1.3,0,8,2.0,65.0,230133,11708,60024
70,Kluivert,Bournemouth,MID,1,8,15,0,74,1,3,0,0,1,0.11,0.0,0.11,4.2,0,15,9.0,60.0,96045,0,0
70,Kluivert,Bournemouth,MID,2,12,9,1,80,1,3,0,0,1,0.61,0.05,0.66,9.5,0,12,5.0,60.0,123176,16321,9590
70,Kluivert,Bournemouth,MID,3,27,17,0,75,1,1,0,0,0,0.06,0.01,0.07,0.2,0,6,4.0,60.0,113173,10830,23522
61,Truffert,Bournemouth,DEF,1,8,15,0,90,1,1,0,0,0,0.0,0.0,0.0,1.7,0,0,7.0,55.0,392050,0,0
61,Truffert,Bournemouth,DEF,2,12,9,1,90,1,4,0,0,0,0.0,0.07,0.07,5.6,2,27,9.0,55.0,417325,20601,25821
61,Truffert,Bournemouth,DEF,3,27,17,0,90,1,0,0,0,0,0.01,0.06,0.07,2.8,0,-3,6.0,55.0,387734,11879,42084
71,Cook,Bournemouth,MID,1,8,15,0,75,1,3,0,0,1,0.0,0.0,0.0,0.7,0,8,7.0,50.0,13065,0,0
71,Cook,Bournemouth,MID,2,12,9,1,68,1,3,0,0,1,0.0,0.01,0.01,1.7,0,13,2.0,50.0,18237,3259,1707
71,Cook,Bournemouth,MID,3,27,17,0,14,0,1,0,0,0,0.0,0.0,0.0,0.0,0,2,1.0,50.0,23118,6600,3843
72,Gannon-Doak,Bournemouth,MID,1,8,15,0,1,0,1,0,0,0,0.0,0.0,0.0,0.2,0,3,1.0,50.0,7889,0,0
72,Gannon-Doak,Bournemouth,MID,2,12,9,1,0,0,0,0,0,0,0.0,0.0,0.0,0.0,0,0,0.0,50.0,8171,365,833
72,Gannon-Doak,Bournemouth,MID,3,27,17,0,1,0,1,0,0,0,0.02,0.0,0.02,0.8,0,3,2.0,50.0,7170,384,1549
69,Scott,Bournemouth,MID,1,8,15,0,90,1,2,0,0,0,0.0,0.01,0.01,1.6,0,17,11.0,60.0,134668,0,0
69,Scott,Bournemouth,MID,2,12,9,1,86,1,12,1,0,1,0.26,0.27,0.53,10.1,3,39,15.0,60.0,145926,8520,12886
69,Scott,Bournemouth,MID,3,27,17,0,90,1,10,0,2,0,0.07,0.02,0.09,4.8,2,37,11.0,60.0,210299,56885,17771
73,Adams,Bournemouth,MID,1,8,15,0,15,0,1,0,0,0,0.0,0.0,0.0,0.4,0,4,3.0,50.0,19512,0,0
73,Adams,Bournemouth,MID,2,12,9,1,21,0,1,0,0,0,0.0,0.0,0.0,0.3,0,4,3.0,50.0,22708,3032,2855
73,Adams,Bournemouth,MID,3,27,17,0,75,1,4,0,0,0,0.0,0.01,0.01,2.4,0,15,12.0,50.0,26019,5588,4691
76,Tóth.A,Bournemouth,MID,1,8,15,0,15,0,1,0,0,0,0.0,0.0,0.0,0.3,0,5,2.0,50.0,1238,0,0
76,Tóth.A,Bournemouth,MID,2,12,9,1,0,0,0,0,0,0,0.0,0.0,0.0,0.0,0,0,0.0,50.0,1576,100,146
76,Tóth.A,Bournemouth,MID,3,27,17,0,0,0,0,0,0,0,0.0,0.0,0.0,0.0,0,0,0.0,50.0,1563,123,231
79,Evanilson,Bournemouth,FWD,1,8,15,0,74,1,4,0,1,1,0.0,0.21,0.21,3.3,0,17,8.0,60.0,200122,0,0
79,Evanilson,Bournemouth,FWD,2,12,9,1,80,1,5,0,1,1,0.58,0.04,0.62,5.9,0,11,3.0,60.0,300527,72625,19026
79,Evanilson,Bournemouth,FWD,3,27,17,0,90,1,2,0,0,0,0.13,0.01,0.14,2.9,0,4,7.0,60.0,336364,69571,43452
77,Adli,Bournemouth,MID,1,8,15,0,0,0,0,0,0,0,0.0,0.0,0.0,0.0,0,0,0.0,50.0,3087,0,0
77,Adli,Bournemouth,MID,2,12,9,1,0,0,0,0,0,0,0.0,0.0,0.0,0.0,0,0,0.0,50.0,2226,54,976
77,Adli,Bournemouth,MID,3,27,17,0,0,0,0,0,0,0,0.0,0.0,0.0,0.0,0,0,0.0,49.0,1803,136,627
78,Kroupi.Jr,Bournemouth,MID,1,8,15,0,0,0,0,0,0,0,0.0,0.0,0.0,0.0,0,0,0.0,75.0,42378,0,0
78,Kroupi.Jr,Bournemouth,MID,2,12,9,1,0,0,0,0,0,0,0.0,0.0,0.0,0.0,0,0,0.0,75.0,30734,462,13408
78,Kroupi.Jr,Bournemouth,MID,3,27,17,0,0,0,0,0,0,0,0.0,0.0,0.0,0.0,0,0,0.0,74.0,23655,246,7960
75,Christie,Bournemouth,MID,1,8,15,0,0,0,0,0,0,0,0.0,0.0,0.0,0.0,0,0,0.0,50.0,1007,0,0
75,Christie,Bournemouth,MID,2,12,9,1,3,0,1,0,0,0,0.0,0.0,0.0,0.3,0,5,2.0,50.0,1962,560,196
75,Christie,Bournemouth,MID,3,27,17,0,1,0,1,0,0,0,0.0,0.0,0.0,0.0,0,3,0.0,50.0,2833,1038,516
74,Brooks,Bournemouth,MID,1,8,15,0,0,0,0,0,0,0,0.0,0.0,0.0,0.0,0,0,0.0,50.0,4610,0,0
74,Brooks,Bournemouth,MID,2,12,9,1,9,0,1,0,0,0,0.0,0.01,0.01,0.1,0,3,0.0,50.0,5133,602,695
74,Brooks,Bournemouth,MID,3,27,17,0,14,0,1,0,0,0,0.0,0.0,0.0,0.0,0,2,0.0,50.0,5938,1296,1004
566,Silva,Bournemouth,DEF,1,8,15,0,90,1,2,0,0,0,0.0,0.0,0.0,3.2,0,5,13.0,50.0,23702,0,0
566,Silva,Bournemouth,DEF,2,12,9,1,90,1,4,0,0,0,0.25,0.03,0.28,3.3,0,11,10.0,50.0,36812,7365,2190
566,Silva,Bournemouth,DEF,3,27,17,0,90,1,1,0,0,0,0.02,0.01,0.03,4.2,0,8,8.0,50.0,43269,9722,6674
81,Rodríguez,Bournemouth,FWD,1,8,15,0,0,0,0,0,0,0,0.0,0.0,0.0,0.0,0,0,0.0,60.0,9051,0,0
81,Rodríguez,Bournemouth,FWD,2,12,9,1,9,0,1,0,0,0,0.0,0.0,0.0,0.0,0,4,1.0,60.0,11569,1000,1182
81,Rodríguez,Bournemouth,FWD,3,27,17,0,0,0,0,0,0,0,0.0,0.0,0.0,0.0,0,0,0.0,60.0,12281,1521,1919
80,Enes Ünal,Bournemouth,FWD,1,8,15,0,0,0,0,0,0,0,0.0,0.0,0.0,0.0,0,0,0.0,55.0,3581,0,0
80,Enes Ünal,Bournemouth,FWD,2,12,9,1,0,0,0,0,0,0,0.0,0.0,0.0,0.0,0,0,0.0,55.0,2487,0,1070
80,Enes Ünal,Bournemouth,FWD,3,27,17,0,0,0,0,0,0,0,0.0,0.0,0.0,0.0,0,0,0.0,55.0,1977,0,522
573,Sanchez,Bournemouth,DEF,1,8,15,0,0,0,0,0,0,0,0.0,0.0,0.0,0.0,0,0,0.0,45.0,18342,0,0
573,Sanchez,Bournemouth,DEF,2,12,9,1,0,0,0,0,0,0,0.0,0.0,0.0,0.0,0,0,0.0,45.0,21445,452,1465
573,Sanchez,Bournemouth,DEF,3,27,17,0,0,0,0,0,0,0,0.0,0.0,0.0,0.0,0,0,0.0,45.0,19900,369,2289
82,Kelleher,Brentford,GKP,1,2,19,1,90,1,7,0,0,1,0.0,0.01,0.01,3.1,0,34,0.0,50.0,513912,0,0
82,Kelleher,Brentford,GKP,2,17,13,0,90,1,2,0,0,0,0.0,0.0,0.0,0.9,0,7,0.0,50.0,649790,74434,19924
82,Kelleher,Brentford,GKP,3,22,20,1,90,1,2,0,0,0,0.0,0.0,0.0,1.7,0,10,0.0,50.0,832099,113703,58945
83,Valdimarsson,Brentford,GKP,1,2,19,1,0,0,0,0,0,0,0.0,0.0,0.0,0.0,0,0,0.0,45.0,9667,0,0
83,Valdimarsson,Brentford,GKP,2,17,13,0,0,0,0,0,0,0,0.0,0.0,0.0,0.0,0,0,0.0,45.0,10896,642,890
83,Valdimarsson,Brentford,GKP,3,22,20,1,0,0,0,0,0,0,0.0,0.0,0.0,0.0,0,0,0.0,45.0,11246,975,1407
608,Jebbison,Bournemouth,FWD,1,8,15,0,15,0,1,0,0,0,0.1,0.0,0.1,2.1,0,6,1.0,50.0,0,0,0
608,Jebbison,Bournemouth,FWD,2,12,9,1,0,0,0,0,0,0,0.0,0.0,0.0,0.0,0,0,0.0,50.0,4738,2477,421
608,Jebbison,Bournemouth,FWD,3,27,17,0,1,0,1,0,0,0,0.0,0.0,0.0,0.0,0,4,0.0,50.0,9237,4510,1998
86,Lewis-Potter,Brentford,MID,1,2,19,1,90,1,10,1,0,1,0.77,0.12,0.89,8.2,2,37,10.0,55.0,38558,0,0
86,Lewis-Potter,Brentford,MID,2,17,13,0,87,1,6,0,1,0,0.02,0.13,0.15,7.2,1,29,11.0,55.0,116486,52542,6716
86,Lewis-Potter,Brentford,MID,3,22,20,1,90,1,2,0,0,0,0.24,0.4,0.64,7.5,0,4,6.0,55.0,235201,101209,26327
85,Van den Berg,Brentford,DEF,1,2,19,1,0,0,0,0,0,0,0.0,0.0,0.0,0.0,0,0,0.0,50.0,14391,0,0
85,Van den Berg,Brentford,DEF,2,17,13,0,0,0,0,0,0,0,0.0,0.0,0.0,0.0,0,0,0.0,50.0,10710,145,4123
85,Van den Berg,Brentford,DEF,3,22,20,1,0,0,0,0,0,0,0.0,0.0,0.0,0.0,0,0,0.0,49.0,8510,121,2463
87,Ajer,Brentford,DEF,1,2,19,1,90,1,8,0,0,1,0.11,0.02,0.13,5.6,0,29,10.0,45.0,318142,0,0
87,Ajer,Brentford,DEF,2,17,13,0,90,1,3,0,0,0,0.0,0.01,0.01,6.1,0,7,17.0,45.0,412431,69978,13902
87,Ajer,Brentford,DEF,3,22,20,1,90,1,2,0,0,0,0.0,0.0,0.0,1.2,0,8,5.0,45.0,610187,174453,61930
615,Di Gregorio,Bournemouth,GKP,2,12,9,1,0,0,0,0,0,0,0.0,0.0,0.0,0.0,0,0,0.0,45.0,593,241,27
615,Di Gregorio,Bournemouth,GKP,3,27,17,0,0,0,0,0,0,0,0.0,0.0,0.0,0.0,0,0,0.0,45.0,2932,1404,455
84,Collins,Brentford,DEF,1,2,19,1,90,1,6,0,0,1,0.34,0.04,0.38,5.0,0,21,3.0,55.0,156847,0,0
84,Collins,Brentford,DEF,2,17,13,0,90,1,3,0,0,0,0.17,0.01,0.18,6.3,0,14,13.0,55.0,207535,25089,9373
84,Collins,Brentford,DEF,3,22,20,1,16,1,1,0,0,0,0.0,0.0,0.0,0.1,0,4,1.0,55.0,271484,32175,20584
90,Hickey,Brentford,DEF,1,2,19,1,14,0,1,0,0,0,0.0,0.0,0.0,0.0,0,2,0.0,45.0,5416,0,0
90,Hickey,Brentford,DEF,2,17,13,0,2,0,1,0,0,0,0.0,0.02,0.02,0.8,0,6,1.0,45.0,7643,623,540
90,Hickey,Brentford,DEF,3,22,20,1,45,0,1,0,0,0,0.0,0.0,0.0,0.9,0,0,5.0,45.0,7835,653,892
89,Henry,Brentford,DEF,1,2,19,1,0,0,0,0,0,0,0.0,0.0,0.0,0.0,0,0,0.0,45.0,22322,0,0
89,Henry,Brentford,DEF,2,17,13,0,2,0,1,0,0,0,0.0,0.0,0.0,0.0,0,3,0.0,45.0,24226,544,2146
89,Henry,Brentford,DEF,3,22,20,1,0,0,0,0,0,0,0.0,0.0,0.0,0.0,0,0,0.0,45.0,22909,561,2202
92,Ji-soo,Brentford,DEF,1,2,19,1,0,0,0,0,0,0,0.0,0.0,0.0,0.0,0,0,0.0,45.0,1635,0,0
92,Ji-soo,Brentford,DEF,2,17,13,0,0,0,0,0,0,0,0.0,0.0,0.0,0.0,0,0,0.0,45.0,1940,112,198
92,Ji-soo,Brentford,DEF,3,22,20,1,0,0,0,0,0,0,0.0,0.0,0.0,0.0,0,0,0.0,45.0,1937,151,284
97,Jensen,Brentford,MID,1,2,19,1,66,1,6,0,1,1,0.08,0.34,0.42,7.2,0,22,5.0,55.0,16245,0,0
97,Jensen,Brentford,MID,2,17,13,0,0,0,0,0,0,0,0.0,0.0,0.0,0.0,0,0,0.0,55.0,22961,3858,1337
97,Jensen,Brentford,MID,3,22,20,1,0,0,0,0,0,0,0.0,0.0,0.0,0.0,0,0,0.0,55.0,16413,569,6909
95,O.Dango,Brentford,MID,1,2,19,1,66,1,3,0,0,1,0.05,0.29,0.34,4.7,0,6,6.0,65.0,105835,0,0
95,O.Dango,Brentford,MID,2,17,13,0,29,0,1,0,0,0,0.02,0.08,0.1,3.3,0,16,7.0,65.0,110686,7348,10952
95,O.Dango,Brentford,MID,3,22,20,1,45,1,1,0,0,0,0.0,0.01,0.01,1.8,0,6,11.0,65.0,85265,4607,29581
94,Schade,Brentford,MID,1,2,19,1,90,1,3,0,0,1,0.52,0.01,0.53,8.5,0,17,9.0,60.0,330810,0,0
94,Schade,Brentford,MID,2,17,13,0,87,1,10,1,0,0,0.25,0.02,0.27,9.1,3,34,9.0,60.0,344201,24998,25789
94,Schade,Brentford,MID,3,22,20,1,90,1,2,0,0,0,0.0,0.17,0.17,2.5,0,11,5.0,60.0,492340,140288,47506
93,Schuster,Brentford,DEF,1,2,19,1,0,0,0,0,0,0,0.0,0.0,0.0,0.0,0,0,0.0,45.0,15125,0,0
93,Schuster,Brentford,DEF,2,17,13,0,0,0,0,0,0,0,0.0,0.0,0.0,0.0,0,0,0.0,45.0,16511,142,1206
93,Schuster,Brentford,DEF,3,22,20,1,73,0,4,0,0,0,0.1,0.01,0.11,2.1,0,11,10.0,45.0,15267,166,1472
88,Kayode,Brentford,DEF,1,2,19,1,75,1,13,1,0,1,0.5,0.0,0.5,8.1,1,36,4.0,45.0,282611,0,0
88,Kayode,Brentford,DEF,2,17,13,0,87,1,2,0,0,0,0.02,0.21,0.23,3.8,0,9,4.0,46.0,778776,310803,21160
88,Kayode,Brentford,DEF,3,22,20,1,45,1,1,0,0,0,0.03,0.0,0.03,1.0,0,2,5.0,46.0,1044649,201513,79610
98,Janelt,Brentford,MID,1,2,19,1,90,1,9,1,0,1,0.39,0.17,0.56,11.6,0,35,13.0,50.0,9018,0,0
98,Janelt,Brentford,MID,2,17,13,0,90,1,1,0,0,0,0.0,0.14,0.14,5.6,0,11,10.0,50.0,49684,33759,4285
98,Janelt,Brentford,MID,3,22,20,1,90,1,11,1,0,0,0.11,0.01,0.12,6.8,3,30,12.0,50.0,69448,29605,13590
96,Damsgaard,Brentford,MID,1,2,19,1,14,0,1,0,0,0,0.0,0.11,0.11,3.4,0,6,4.0,55.0,52929,0,0
96,Damsgaard,Brentford,MID,2,17,13,0,68,1,3,0,0,1,0.03,0.13,0.16,7.4,0,20,9.0,55.0,52568,2318,7544
96,Damsgaard,Brentford,MID,3,22,20,1,85,1,8,0,1,0,0.0,0.21,0.21,4.5,3,30,4.0,55.0,49863,3933,7667
99,Milambo,Brentford,MID,1,2,19,1,0,0,0,0,0,0,0.0,0.0,0.0,0.0,0,0,0.0,50.0,187,0,0
99,Milambo,Brentford,MID,2,17,13,0,0,0,0,0,0,0,0.0,0.0,0.0,0.0,0,0,0.0,50.0,190,28,45
99,Milambo,Brentford,MID,3,22,20,1,0,0,0,0,0,0,0.0,0.0,0.0,0.0,0,0,0.0,50.0,190,34,42
100,Carvalho,Brentford,MID,1,2,19,1,0,0,0,0,0,0,0.0,0.0,0.0,0.0,0,0,0.0,50.0,1459,0,0
100,Carvalho,Brentford,MID,2,17,13,0,0,0,0,0,0,0,0.0,0.0,0.0,0.0,0,0,0.0,50.0,1624,155,246
100,Carvalho,Brentford,MID,3,22,20,1,0,0,0,0,0,0,0.0,0.0,0.0,0.0,0,0,0.0,50.0,2107,543,358
102,Yarmoliuk,Brentford,MID,1,2,19,1,23,0,1,0,0,0,0.04,0.0,0.04,0.6,0,7,6.0,50.0,123741,0,0
102,Yarmoliuk,Brentford,MID,2,17,13,0,21,0,1,0,0,0,0.0,0.01,0.01,2.0,0,4,0.0,50.0,112295,745,13179
102,Yarmoliuk,Brentford,MID,3,22,20,1,45,0,0,0,0,0,0.03,0.02,0.05,0.8,0,1,5.0,49.0,93335,1076,19306
106,Thiago,Brentford,FWD,1,2,19,1,82,1,0,0,0,1,1.0,0.08,1.08,1.4,0,-3,5.0,80.0,1509299,0,0
106,Thiago,Brentford,FWD,2,17,13,0,90,1,2,0,0,0,0.8,0.01,0.81,6.4,0,2,4.0,80.0,1635017,91772,141167
106,Thiago,Brentford,FWD,3,22,20,1,90,1,2,0,0,0,0.5,0.01,0.51,6.0,0,9,6.0,80.0,1462107,72058,312788
103,Dasilva,Brentford,MID,1,2,19,1,0,0,0,0,0,0,0.0,0.0,0.0,0.0,0,0,0.0,50.0,2396,0,0
103,Dasilva,Brentford,MID,2,17,13,0,0,0,0,0,0,0,0.0,0.0,0.0,0.0,0,0,0.0,50.0,2549,164,353
103,Dasilva,Brentford,MID,3,22,20,1,0,0,0,0,0,0,0.0,0.0,0.0,0.0,0,0,0.0,50.0,2280,180,549
107,Furo,Brentford,FWD,1,2,19,1,0,0,0,0,0,0,0.0,0.0,0.0,0.0,0,0,0.0,45.0,78000,0,0
107,Furo,Brentford,FWD,2,17,13,0,0,0,0,0,0,0,0.0,0.0,0.0,0.0,0,0,0.0,45.0,89302,8191,8443
107,Furo,Brentford,FWD,3,22,20,1,0,0,0,0,0,0,0.0,0.0,0.0,0.0,0,0,0.0,45.0,116698,27280,13785
105,Anthony,Brentford,MID,1,2,19,1,23,0,1,0,0,0,0.03,0.35,0.38,4.7,0,9,8.0,60.0,14244,0,0
105,Anthony,Brentford,MID,2,17,13,0,60,1,2,0,0,1,0.11,0.06,0.17,4.4,0,4,1.0,60.0,16949,1958,2391
105,Anthony,Brentford,MID,3,22,20,1,45,0,1,0,0,0,0.05,0.01,0.06,0.4,0,3,4.0,60.0,16152,1644,3351
113,F.Kadıoğlu,Brighton,DEF,1,7,2,1,0,0,0,0,0,0,0.0,0.0,0.0,0.0,0,0,0.0,45.0,265528,0,0
113,F.Kadıoğlu,Brighton,DEF,2,16,6,0,90,1,0,0,0,0,0.02,0.01,0.03,2.8,0,-4,0.0,45.0,221172,2580,51404
113,F.Kadıoğlu,Brighton,DEF,3,23,13,1,77,1,2,0,0,0,0.06,0.01,0.07,4.4,0,8,5.0,44.0,203285,12724,32633
565,M.Sangaré,Brentford,MID,1,2,19,1,75,1,14,0,2,1,0.05,0.33,0.38,7.4,3,41,13.0,55.0,294770,0,0
565,M.Sangaré,Brentford,MID,2,17,13,0,90,1,4,0,0,0,0.21,0.03,0.24,6.1,0,16,14.0,56.0,902725,443762,23340
565,M.Sangaré,Brentford,MID,3,22,20,1,45,1,0,0,0,0,0.15,0.01,0.16,0.6,0,0,5.0,57.0,1631469,639468,130072
108,Wilson,Brentford,FWD,1,2,19,1,7,0,1,0,0,0,0.03,0.04,0.07,1.8,0,4,0.0,55.0,30450,0,0
108,Wilson,Brentford,FWD,2,17,13,0,2,0,1,0,0,0,0.04,0.0,0.04,0.7,0,3,1.0,55.0,37634,4351,4808
108,Wilson,Brentford,FWD,3,22,20,1,4,0,1,0,0,0,0.0,0.0,0.0,0.1,0,2,1.0,55.0,38790,5560,7284
109,Verbruggen,Brighton,GKP,1,7,2,1,90,1,6,0,0,1,0.0,0.0,0.0,0.7,0,25,0.0,45.0,1987586,0,0
109,Verbruggen,Brighton,GKP,2,16,6,0,90,1,0,0,0,0,0.0,0.0,0.0,1.0,0,-1,0.0,45.0,2133814,84756,45480
109,Verbruggen,Brighton,GKP,3,23,13,1,90,1,3,0,0,0,0.0,0.2,0.2,3.2,0,17,0.0,45.0,2293721,270948,156898
115,De Cuyper,Brighton,DEF,1,7,2,1,77,1,17,1,1,1,1.47,0.21,1.68,12.9,2,46,4.0,45.0,151636,0,0
115,De Cuyper,Brighton,DEF,2,16,6,0,90,1,0,0,0,0,0.03,0.05,0.08,3.8,0,-2,2.0,46.0,847829,494998,21158
115,De Cuyper,Brighton,DEF,3,23,13,1,76,1,4,0,1,0,0.0,0.14,0.14,4.4,0,17,2.0,47.0,1978466,871841,109810
111,Steele,Brighton,GKP,1,7,2,1,0,0,0,0,0,0,0.0,0.0,0.0,0.0,0,0,0.0,40.0,369830,0,0
111,Steele,Brighton,GKP,2,16,6,0,0,0,0,0,0,0,0.0,0.0,0.0,0.0,0,0,0.0,40.0,398691,10714,14044
111,Steele,Brighton,GKP,3,23,13,1,0,0,0,0,0,0,0.0,0.0,0.0,0.0,0,0,0.0,40.0,459848,62093,34259
114,Boscagli,Brighton,DEF,1,7,2,1,90,1,6,0,0,1,0.0,0.04,0.04,2.9,0,29,6.0,45.0,19109,0,0
114,Boscagli,Brighton,DEF,2,16,6,0,90,1,-1,0,0,0,0.05,0.11,0.16,5.4,0,-2,3.0,45.0,26909,4103,1559
114,Boscagli,Brighton,DEF,3,23,13,1,90,1,2,0,0,0,0.0,0.33,0.33,8.3,0,17,4.0,45.0,31479,6293,3995
121,Mitoma,Brighton,MID,1,7,2,1,0,0,0,0,0,0,0.0,0.0,0.0,0.0,0,0,0.0,60.0,4360,0,0
121,Mitoma,Brighton,MID,2,16,6,0,0,0,0,0,0,0,0.0,0.0,0.0,0.0,0,0,0.0,60.0,4114,159,1237
121,Mitoma,Brighton,MID,3,23,13,1,0,0,0,0,0,0,0.0,0.0,0.0,0.0,0,0,0.0,60.0,3542,130,951
117,Coppola,Brighton,DEF,1,7,2,1,0,0,0,0,0,0,0.0,0.0,0.0,0.0,0,0,0.0,45.0,1583,0,0
117,Coppola,Brighton,DEF,2,16,6,0,0,0,0,0,0,0,0.0,0.0,0.0,0.0,0,0,0.0,45.0,1892,191,224
117,Coppola,Brighton,DEF,3,23,13,1,0,0,0,0,0,0,0.0,0.0,0.0,0.0,0,0,0.0,45.0,2029,261,296
118,Igor,Brighton,DEF,1,7,2,1,0,0,0,0,0,0,0.0,0.0,0.0,0.0,0,0,0.0,45.0,7195,0,0
118,Igor,Brighton,DEF,2,16,6,0,0,0,0,0,0,0,0.0,0.0,0.0,0.0,0,0,0.0,45.0,8240,471,875
118,Igor,Brighton,DEF,3,23,13,1,0,0,0,0,0,0,0.0,0.0,0.0,0.0,0,0,0.0,45.0,7052,444,1895
116,Dunk,Brighton,DEF,1,7,2,1,90,1,6,0,0,1,0.0,0.04,0.04,2.0,0,24,2.0,45.0,88762,0,0
116,Dunk,Brighton,DEF,2,16,6,0,90,1,-1,0,0,0,0.0,0.01,0.01,1.7,0,-4,3.0,45.0,118436,13343,5310
116,Dunk,Brighton,DEF,3,23,13,1,90,1,5,0,0,0,0.0,0.01,0.01,3.7,1,20,12.0,45.0,133493,20326,13758
620,Diouf,Brentford,DEF,2,17,13,0,0,0,0,0,0,0,0.0,0.0,0.0,0.0,0,0,0.0,45.0,817,600,37
620,Diouf,Brentford,DEF,3,22,20,1,0,0,0,0,0,0,0.0,0.0,0.0,0.0,0,0,0.0,45.0,10083,9542,2982
122,Minteh,Brighton,MID,1,7,2,1,0,0,0,0,0,0,0.0,0.0,0.0,0.0,0,0,0.0,60.0,9337,0,0
122,Minteh,Brighton,MID,2,16,6,0,0,0,0,0,0,0,0.0,0.0,0.0,0.0,0,0,0.0,60.0,6199,140,3521
122,Minteh,Brighton,MID,3,23,13,1,0,0,0,0,0,0,0.0,0.0,0.0,0.0,0,0,0.0,59.0,4472,87,1926
119,Costinha,Brighton,DEF,1,7,2,1,26,0,1,0,0,0,0.12,0.0,0.12,2.8,0,7,4.0,45.0,2148,0,0
119,Costinha,Brighton,DEF,2,16,6,0,10,0,0,0,0,0,0.0,0.0,0.0,0.0,0,-1,0.0,45.0,3512,285,226
119,Costinha,Brighton,DEF,3,23,13,1,12,0,1,0,0,0,0.0,0.16,0.16,2.0,0,7,1.0,45.0,3762,400,472
123,Hinshelwood,Brighton,MID,1,7,2,1,63,1,16,2,0,1,1.41,0.02,1.43,14.5,3,54,3.0,60.0,39219,0,0
123,Hinshelwood,Brighton,MID,2,16,6,0,0,0,0,0,0,0,0.0,0.0,0.0,0.0,0,0,0.0,60.0,230171,139828,38085
123,Hinshelwood,Brighton,MID,3,23,13,1,0,0,0,0,0,0,0.0,0.0,0.0,0.0,0,0,0.0,60.0,129183,6623,98695
120,Svoboda,Brighton,DEF,1,7,2,1,0,0,0,0,0,0,0.0,0.0,0.0,0.0,0,0,0.0,50.0,3997,0,0
120,Svoboda,Brighton,DEF,2,16,6,0,0,0,0,0,0,0,0.0,0.0,0.0,0.0,0,0,0.0,50.0,5185,768,684
120,Svoboda,Brighton,DEF,3,23,13,1,0,0,0,0,0,0,0.0,0.0,0.0,0.0,0,0,0.0,50.0,5613,863,987
124,Groß,Brighton,MID,1,7,2,1,90,1,2,0,0,1,0.0,0.27,0.27,8.6,0,18,5.0,55.0,1308033,0,0
124,Groß,Brighton,MID,2,16,6,0,90,1,13,1,1,0,0.05,0.11,0.16,10.4,3,46,6.0,55.0,1268429,24179,105873
124,Groß,Brighton,MID,3,23,13,1,90,1,1,0,0,0,0.79,0.04,0.83,3.2,0,-1,4.0,55.0,1691790,448315,107204
125,Georginio,Brighton,FWD,1,7,2,1,90,1,5,0,1,1,0.08,0.44,0.52,4.6,0,22,7.0,55.0,78765,0,0
125,Georginio,Brighton,FWD,2,16,6,0,0,0,0,0,0,0,0.0,0.0,0.0,0.0,0,0,0.0,55.0,98683,23887,15007
125,Georginio,Brighton,FWD,3,23,13,1,0,0,0,0,0,0,0.0,0.0,0.0,0.0,0,0,0.0,55.0,74079,4546,26476
126,O'Riley,Brighton,MID,1,7,2,1,0,0,0,0,0,0,0.0,0.0,0.0,0.0,0,0,0.0,55.0,8249,0,0
126,O'Riley,Brighton,MID,2,16,6,0,0,0,0,0,0,0,0.0,0.0,0.0,0.0,0,0,0.0,55.0,10143,656,1352
126,O'Riley,Brighton,MID,3,23,13,1,0,0,0,0,0,0,0.0,0.0,0.0,0.0,0,0,0.0,55.0,10276,1040,1949
128,Buonanotte,Brighton,MID,1,7,2,1,0,0,0,0,0,0,0.0,0.0,0.0,0.0,0,0,0.0,50.0,528,0,0
128,Buonanotte,Brighton,MID,2,16,6,0,0,0,0,0,0,0,0.0,0.0,0.0,0.0,0,0,0.0,50.0,346,0,173
128,Buonanotte,Brighton,MID,3,23,13,1,0,0,0,0,0,0,0.0,0.0,0.0,0.0,0,0,0.0,50.0,257,0,94
138,Kostoulas,Brighton,FWD,1,7,2,1,26,0,1,0,0,0,0.18,0.0,0.18,0.9,0,-1,2.0,55.0,19339,0,0
138,Kostoulas,Brighton,FWD,2,16,6,0,79,1,5,0,1,0,0.17,0.02,0.19,3.7,0,17,6.0,55.0,22097,1384,2151
138,Kostoulas,Brighton,FWD,3,23,13,1,90,1,2,0,0,0,0.43,0.02,0.45,3.9,0,9,8.0,55.0,52785,29733,6118
127,Gomez,Brighton,MID,1,7,2,1,85,1,6,0,1,1,0.18,0.48,0.66,9.9,0,27,6.0,50.0,355972,0,0
127,Gomez,Brighton,MID,2,16,6,0,90,1,5,0,1,0,0.38,0.17,0.55,6.7,0,15,5.0,50.0,380491,23952,16872
127,Gomez,Brighton,MID,3,23,13,1,90,1,2,0,0,0,0.09,0.05,0.14,7.2,0,13,9.0,50.0,525464,177501,60112
133,Watson,Brighton,MID,1,7,2,1,0,0,0,0,0,0,0.0,0.0,0.0,0.0,0,0,0.0,50.0,241,0,0
133,Watson,Brighton,MID,2,16,6,0,0,0,0,0,0,0,0.0,0.0,0.0,0.0,0,0,0.0,50.0,182,0,56
133,Watson,Brighton,MID,3,23,13,1,0,0,0,0,0,0,0.0,0.0,0.0,0.0,0,0,0.0,50.0,139,0,46
129,Ayari,Brighton,MID,1,7,2,1,63,1,2,0,0,1,0.11,0.03,0.14,1.7,0,8,4.0,55.0,61091,0,0
129,Ayari,Brighton,MID,2,16,6,0,0,0,0,0,0,0,0.0,0.0,0.0,0.0,0,0,0.0,55.0,62632,3334,7611
129,Ayari,Brighton,MID,3,23,13,1,90,1,2,0,0,0,0.17,0.04,0.21,4.4,0,18,3.0,54.0,42114,1443,21335
605,Yalcouyé,Brighton,MID,1,7,2,1,4,0,1,0,0,0,0.0,0.01,0.01,0.3,0,3,0.0,45.0,0,0,0
605,Yalcouyé,Brighton,MID,2,16,6,0,73,1,8,1,0,0,0.7,0.16,0.86,11.3,1,39,7.0,45.0,9806,4339,952
605,Yalcouyé,Brighton,MID,3,23,13,1,90,1,2,0,0,0,0.05,0.09,0.14,5.3,0,16,5.0,45.0,252653,208413,33633
130,Wieffer,Brighton,DEF,1,7,2,1,77,1,7,0,0,1,0.09,0.05,0.14,4.9,1,32,8.0,50.0,22925,0,0
130,Wieffer,Brighton,DEF,2,16,6,0,79,1,0,0,0,0,0.03,0.08,0.11,3.4,0,6,7.0,50.0,43921,13428,3057
130,Wieffer,Brighton,DEF,3,23,13,1,0,0,0,0,0,0,0.0,0.0,0.0,0.0,0,0,0.0,50.0,46414,12362,12835
139,Ferguson,Brighton,FWD,1,7,2,1,0,0,0,0,0,0,0.0,0.0,0.0,0.0,0,0,0.0,50.0,2877,0,0
139,Ferguson,Brighton,FWD,2,16,6,0,0,0,0,0,0,0,0.0,0.0,0.0,0.0,0,0,0.0,50.0,3163,318,623
139,Ferguson,Brighton,FWD,3,23,13,1,0,0,0,0,0,0,0.0,0.0,0.0,0.0,0,0,0.0,50.0,3252,545,718
134,Oriola,Brighton,MID,1,7,2,1,0,0,0,0,0,0,0.0,0.0,0.0,0.0,0,0,0.0,45.0,24725,0,0
134,Oriola,Brighton,MID,2,16,6,0,0,0,0,0,0,0,0.0,0.0,0.0,0.0,0,0,0.0,45.0,27277,1708,2780
134,Oriola,Brighton,MID,3,23,13,1,0,0,0,0,0,0,0.0,0.0,0.0,0.0,0,0,0.0,45.0,29432,3612,3759
132,Howell,Brighton,MID,1,7,2,1,0,0,0,0,0,0,0.0,0.0,0.0,0.0,0,0,0.0,45.0,6770,0,0
132,Howell,Brighton,MID,2,16,6,0,0,0,0,0,0,0,0.0,0.0,0.0,0.0,0,0,0.0,45.0,5161,0,1532
132,Howell,Brighton,MID,3,23,13,1,0,0,0,0,0,0,0.0,0.0,0.0,0.0,0,0,0.0,45.0,4183,0,976
600,Osman,Brighton,MID,1,7,2,1,12,0,1,0,0,0,0.0,0.05,0.05,2.4,0,7,2.0,50.0,633,0,0
600,Osman,Brighton,MID,2,16,6,0,16,0,1,0,0,0,0.0,0.01,0.01,0.6,0,6,1.0,50.0,1521,218,143
600,Osman,Brighton,MID,3,23,13,1,0,0,0,0,0,0,0.0,0.0,0.0,0.0,0,0,0.0,50.0,1841,312,282
594,David,Brighton,FWD,1,7,2,1,0,0,0,0,0,0,0.0,0.0,0.0,0.0,0,0,0.0,60.0,20944,0,0
594,David,Brighton,FWD,2,16,6,0,10,0,1,0,0,0,0.0,0.0,0.0,0.4,0,3,0.0,60.0,25435,2519,4141
594,David,Brighton,FWD,3,23,13,1,13,0,0,0,0,0,0.42,0.0,0.42,0.0,0,-7,0.0,60.0,25799,4444,5722
135,Yohanna,Brighton,MID,1,7,2,1,12,0,1,0,0,0,0.0,0.03,0.03,0.2,0,3,0.0,50.0,6623,0,0
135,Yohanna,Brighton,MID,2,16,6,0,0,0,0,0,0,0,0.0,0.0,0.0,0.0,0,0,0.0,50.0,6909,373,879
135,Yohanna,Brighton,MID,3,23,13,1,0,0,0,0,0,0,0.0,0.0,0.0,0.0,0,0,0.0,50.0,6108,517,1579
328,Struijk,Brighton,DEF,1,7,2,1,0,0,0,0,0,0,0.0,0.0,0.0,0.0,0,0,0.0,50.0,19933,0,0
328,Struijk,Brighton,DEF,2,16,6,0,0,0,0,0,0,0,0.0,0.0,0.0,0.0,0,0,0.0,50.0,22519,1416,2554
328,Struijk,Brighton,DEF,3,23,13,1,1,0,1,0,0,0,0.0,0.0,0.0,0.0,0,3,0.0,50.0,21218,1548,3676
504,Vuskovic,Brighton,DEF,1,7,2,1,90,1,6,0,0,1,0.13,0.03,0.16,2.9,0,19,4.0,50.0,221596,0,0
504,Vuskovic,Brighton,DEF,2,16,6,0,90,1,0,0,0,0,0.03,0.02,0.05,3.6,0,-2,8.0,50.0,250629,21186,12347
504,Vuskovic,Brighton,DEF,3,23,13,1,90,1,12,1,0,0,0.19,0.01,0.2,9.8,2,27,10.0,50.0,244648,22843,32578
137,Tzimas,Brighton,FWD,1,7,2,1,0,0,0,0,0,0,0.0,0.0,0.0,0.0,0,0,0.0,55.0,879,0,0
137,Tzimas,Brighton,FWD,2,16,6,0,0,0,0,0,0,0,0.0,0.0,0.0,0.0,0,0,0.0,55.0,839,84,252
137,Tzimas,Brighton,FWD,3,23,13,1,0,0,0,0,0,0,0.0,0.0,0.0,0.0,0,0,0.0,55.0,754,80,210
624,Cozier-Duberry,Brighton,MID,2,16,6,0,0,0,0,0,0,0,0.0,0.0,0.0,0.0,0,0,0.0,50.0,0,0,0
624,Cozier-Duberry,Brighton,MID,3,23,13,1,0,0,0,0,0,0,0.0,0.0,0.0,0.0,0,0,0.0,50.0,111,117,56
639,Andrés,Brighton,MID,3,23,13,1,0,0,0,0,0,0,0.0,0.0,0.0,0.0,0,0,0.0,55.0,345,261,42
141,Jörgensen,Chelsea,GKP,1,10,10,0,0,0,0,0,0,0,0.0,0.0,0.0,0.0,0,0,0.0,50.0,1796,0,0
141,Jörgensen,Chelsea,GKP,2,16,5,1,0,0,0,0,0,0,0.0,0.0,0.0,0.0,0,0,0.0,50.0,1280,0,501
141,Jörgensen,Chelsea,GKP,3,29,1,0,0,0,0,0,0,0,0.0,0.0,0.0,0.0,0,0,0.0,50.0,1022,0,270
614,Hadjam,Brighton,DEF,2,16,6,0,0,0,0,0,0,0,0.0,0.0,0.0,0.0,0,0,0.0,45.0,1839,1006,54
614,Hadjam,Brighton,DEF,3,23,13,1,0,0,0,0,0,0,0.0,0.0,0.0,0.0,0,0,0.0,45.0,4150,1795,485
101,Henderson,Chelsea,MID,1,10,10,0,0,0,0,0,0,0,0.0,0.0,0.0,0.0,0,0,0.0,50.0,3629,0,0
101,Henderson,Chelsea,MID,2,16,5,1,0,0,0,0,0,0,0.0,0.0,0.0,0.0,0,0,0.0,50.0,3715,214,691
101,Henderson,Chelsea,MID,3,29,1,0,0,0,0,0,0,0,0.0,0.0,0.0,0.0,0,0,0.0,50.0,3322,209,766
142,James,Chelsea,DEF,1,10,10,0,90,1,0,0,0,0,0.1,0.07,0.17,5.9,0,5,6.0,55.0,879361,0,0
142,James,Chelsea,DEF,2,16,5,1,22,0,1,0,0,0,0.0,0.0,0.0,0.3,0,-1,0.0,55.0,987947,62525,81318
142,James,Chelsea,DEF,3,29,1,0,90,1,1,0,0,0,0.07,0.05,0.12,4.1,0,9,3.0,55.0,810910,27039,211162
652,Azeez,Brighton,MID,3,23,13,1,0,0,0,0,0,0,0.0,0.0,0.0,0.0,0,0,0.0,55.0,256,248,34
28,Martinez,Chelsea,GKP,1,7,5,0,0,0,0,0,0,0,0.0,0.0,0.0,0.0,0,0,0.0,50.0,388040,0,0
28,Martinez,Chelsea,GKP,2,16,5,1,90,1,2,0,0,0,0.0,0.01,0.01,5.6,0,18,0.0,50.0,419555,14876,8115
28,Martinez,Chelsea,GKP,3,29,1,0,90,1,3,0,0,0,0.0,0.0,0.0,6.3,0,26,0.0,50.0,459337,68378,55263
136,Welbeck,Chelsea,FWD,1,10,10,0,0,0,0,0,0,0,0.0,0.0,0.0,0.0,0,0,0.0,60.0,112037,0,0
136,Welbeck,Chelsea,FWD,2,16,5,1,0,0,0,0,0,0,0.0,0.0,0.0,0.0,0,0,0.0,60.0,96753,3136,22425
136,Welbeck,Chelsea,FWD,3,29,1,0,3,0,1,0,0,0,0.0,0.0,0.0,0.2,0,3,0.0,59.0,84671,7873,24376
144,Gusto,Chelsea,DEF,1,10,10,0,75,1,1,0,0,0,0.0,0.03,0.03,2.3,0,2,3.0,50.0,98423,0,0
144,Gusto,Chelsea,DEF,2,16,5,1,90,1,1,0,0,0,0.0,0.01,0.01,0.9,0,-1,5.0,50.0,122291,13325,10947
144,Gusto,Chelsea,DEF,3,29,1,0,30,0,1,0,0,0,0.04,0.01,0.05,0.7,0,4,2.0,50.0,116347,9926,21521
140,Sánchez,Chelsea,GKP,1,10,10,0,90,1,2,0,0,0,0.0,0.01,0.01,2.1,0,6,0.0,50.0,207899,0,0
140,Sánchez,Chelsea,GKP,2,16,5,1,0,0,0,0,0,0,0.0,0.0,0.0,0.0,0,0,0.0,50.0,217448,8924,27191
140,Sánchez,Chelsea,GKP,3,29,1,0,0,0,0,0,0,0,0.0,0.0,0.0,0.0,0,0,0.0,49.0,130954,1923,84362
40,Rogers,Chelsea,MID,1,10,10,0,81,1,8,1,0,0,0.96,0.1,1.06,13.1,1,37,7.0,75.0,2178086,0,0
40,Rogers,Chelsea,MID,2,16,5,1,90,1,5,0,1,0,0.14,1.01,1.15,9.6,0,28,5.0,75.0,2607781,251851,71749
40,Rogers,Chelsea,MID,3,29,1,0,86,1,6,1,0,0,0.08,0.03,0.11,6.0,0,22,5.0,75.0,2472597,211550,321984
143,Chalobah,Chelsea,DEF,1,10,10,0,0,0,0,0,0,0,0.0,0.0,0.0,0.0,0,0,0.0,55.0,21121,0,0
143,Chalobah,Chelsea,DEF,2,16,5,1,0,0,0,0,0,0,0.0,0.0,0.0,0.0,0,0,0.0,55.0,12877,0,8058
143,Chalobah,Chelsea,DEF,3,29,1,0,0,0,0,0,0,0,0.0,0.0,0.0,0.0,0,0,0.0,55.0,9527,0,3529
148,Hato,Chelsea,DEF,1,10,10,0,64,1,1,0,0,0,0.01,0.03,0.04,3.2,0,5,3.0,45.0,40724,0,0
148,Hato,Chelsea,DEF,2,16,5,1,90,1,4,0,1,0,0.0,0.06,0.06,5.1,0,12,6.0,45.0,47286,4358,4484
148,Hato,Chelsea,DEF,3,29,1,0,59,1,3,0,1,0,0.0,0.02,0.02,4.8,0,5,6.0,45.0,65104,22516,10427
146,B.Badiashile,Chelsea,DEF,1,10,10,0,0,0,0,0,0,0,0.0,0.0,0.0,0.0,0,0,0.0,45.0,2313,0,0
146,B.Badiashile,Chelsea,DEF,2,16,5,1,0,0,0,0,0,0,0.0,0.0,0.0,0.0,0,0,0.0,45.0,2126,232,800
146,B.Badiashile,Chelsea,DEF,3,29,1,0,0,0,0,0,0,0,0.0,0.0,0.0,0.0,0,0,0.0,45.0,1405,0,719
150,M.Sarr,Chelsea,DEF,1,10,10,0,0,0,0,0,0,0,0.0,0.0,0.0,0.0,0,0,0.0,45.0,6689,0,0
150,M.Sarr,Chelsea,DEF,2,16,5,1,0,0,0,0,0,0,0.0,0.0,0.0,0.0,0,0,0.0,45.0,7741,405,949
150,M.Sarr,Chelsea,DEF,3,29,1,0,0,0,0,0,0,0,0.0,0.0,0.0,0.0,0,0,0.0,45.0,4381,24,3349
152,Palestra,Chelsea,DEF,1,10,10,0,0,0,0,0,0,0,0.0,0.0,0.0,0.0,0,0,0.0,55.0,263643,0,0
152,Palestra,Chelsea,DEF,2,16,5,1,0,0,0,0,0,0,0.0,0.0,0.0,0.0,0,0,0.0,55.0,209865,4960,69937
152,Palestra,Chelsea,DEF,3,29,1,0,0,0,0,0,0,0,0.0,0.0,0.0,0.0,0,0,0.0,54.0,121873,821,80003
145,Fofana,Chelsea,DEF,1,10,10,0,0,0,0,0,0,0,0.0,0.0,0.0,0.0,0,0,0.0,50.0,1057,0,0
145,Fofana,Chelsea,DEF,2,16,5,1,67,1,0,0,0,0,0.0,0.01,0.01,2.0,0,-2,9.0,50.0,3489,813,261
145,Fofana,Chelsea,DEF,3,29,1,0,90,1,3,0,0,0,0.0,0.04,0.04,6.3,0,16,17.0,50.0,7346,2579,1228
149,Colwill,Chelsea,DEF,1,10,10,0,90,1,0,0,0,0,0.01,0.03,0.04,1.5,0,6,4.0,50.0,142918,0,0
149,Colwill,Chelsea,DEF,2,16,5,1,71,1,1,0,0,0,0.0,0.0,0.0,1.4,0,2,9.0,50.0,150119,10571,17779
149,Colwill,Chelsea,DEF,3,29,1,0,0,0,0,0,0,0,0.0,0.0,0.0,0.0,0,0,0.0,50.0,124492,7720,33598
154,Palmer,Chelsea,MID,1,10,10,0,82,1,13,1,1,0,0.28,0.19,0.47,16.1,3,60,9.0,95.0,919516,0,0
154,Palmer,Chelsea,MID,2,16,5,1,90,1,7,1,0,0,0.66,0.13,0.79,9.2,0,28,8.0,95.0,1644351,376872,31960
154,Palmer,Chelsea,MID,3,29,1,0,90,1,1,0,0,0,0.11,0.04,0.15,5.5,0,11,3.0,96.0,1912956,387902,192800
159,Caicedo,Chelsea,MID,1,10,10,0,0,0,0,0,0,0,0.0,0.0,0.0,0.0,0,0,0.0,55.0,347122,0,0
159,Caicedo,Chelsea,MID,2,16,5,1,13,0,1,0,0,0,0.0,0.0,0.0,0.0,0,3,0.0,55.0,282404,9481,98323
159,Caicedo,Chelsea,MID,3,29,1,0,0,0,0,0,0,0,0.0,0.0,0.0,0.0,0,0,0.0,54.0,192746,3231,92151
151,Acheampong,Chelsea,DEF,1,10,10,0,90,1,3,0,0,0,0.0,0.01,0.01,3.7,0,13,15.0,45.0,24066,0,0
151,Acheampong,Chelsea,DEF,2,16,5,1,22,0,1,0,0,0,0.0,0.0,0.0,0.6,0,-1,3.0,45.0,37116,8065,3134
151,Acheampong,Chelsea,DEF,3,29,1,0,90,1,1,0,0,0,0.0,0.01,0.01,0.8,0,-3,1.0,45.0,38207,4792,6781
156,Neto,Chelsea,MID,1,10,10,0,14,0,1,0,0,0,0.03,0.07,0.1,1.3,0,9,4.0,65.0,116795,0,0
156,Neto,Chelsea,MID,2,16,5,1,67,1,7,1,0,0,0.41,0.33,0.74,10.9,0,32,4.0,65.0,117566,5635,23362
156,Neto,Chelsea,MID,3,29,1,0,80,1,2,0,0,0,0.03,0.03,0.06,4.4,0,10,7.0,65.0,130367,21878,19579
158,Gittens,Chelsea,MID,1,10,10,0,0,0,0,0,0,0,0.0,0.0,0.0,0.0,0,0,0.0,60.0,3231,0,0
158,Gittens,Chelsea,MID,2,16,5,1,0,0,0,0,0,0,0.0,0.0,0.0,0.0,0,0,0.0,60.0,3391,271,773
158,Gittens,Chelsea,MID,3,29,1,0,0,0,0,0,0,0,0.0,0.0,0.0,0.0,0,0,0.0,59.0,2954,260,975
157,Estêvão,Chelsea,MID,1,10,10,0,7,0,1,0,0,0,0.0,0.0,0.0,0.1,0,3,1.0,65.0,109575,0,0
157,Estêvão,Chelsea,MID,2,16,5,1,0,0,0,0,0,0,0.0,0.0,0.0,0.0,0,0,0.0,65.0,111448,5564,23784
157,Estêvão,Chelsea,MID,3,29,1,0,9,0,1,0,0,0,0.04,0.0,0.04,2.1,0,5,0.0,64.0,84845,3486,34752
165,João Pedro,Chelsea,FWD,1,10,10,0,90,1,11,1,1,0,0.63,0.06,0.69,11.1,2,45,3.0,75.0,5764207,0,0
165,João Pedro,Chelsea,FWD,2,16,5,1,90,1,9,1,1,0,1.23,0.04,1.27,12.1,2,44,3.0,76.0,6802308,405188,28165
165,João Pedro,Chelsea,FWD,3,29,1,0,90,1,1,0,0,0,0.02,0.05,0.07,3.7,0,8,1.0,77.0,7177659,446528,190771
168,Marc Guiu,Chelsea,FWD,1,10,10,0,0,0,0,0,0,0,0.0,0.0,0.0,0.0,0,0,0.0,50.0,42801,0,0
168,Marc Guiu,Chelsea,FWD,2,16,5,1,0,0,0,0,0,0,0.0,0.0,0.0,0.0,0,0,0.0,50.0,43955,2178,6146
168,Marc Guiu,Chelsea,FWD,3,29,1,0,0,0,0,0,0,0,0.0,0.0,0.0,0.0,0,0,0.0,50.0,33721,1924,12787
161,Lavia,Chelsea,MID,1,10,10,0,64,1,1,0,0,0,0.21,0.03,0.24,6.9,0,8,9.0,50.0,4654,0,0
161,Lavia,Chelsea,MID,2,16,5,1,67,1,7,1,0,0,0.54,0.0,0.54,7.3,0,32,7.0,50.0,6337,1173,919
161,Lavia,Chelsea,MID,3,29,1,0,59,1,1,0,0,0,0.0,0.01,0.01,0.7,0,7,6.0,50.0,20847,13724,3758
169,Mheuka,Chelsea,FWD,1,10,10,0,0,0,0,0,0,0,0.0,0.0,0.0,0.0,0,0,0.0,45.0,30422,0,0
169,Mheuka,Chelsea,FWD,2,16,5,1,0,0,0,0,0,0,0.0,0.0,0.0,0.0,0,0,0.0,45.0,34265,2929,4409
169,Mheuka,Chelsea,FWD,3,29,1,0,0,0,0,0,0,0,0.0,0.0,0.0,0.0,0,0,0.0,45.0,43546,8439,5758
164,Quenda,Chelsea,MID,1,10,10,0,8,0,1,0,0,0,0.0,0.0,0.0,0.4,0,2,1.0,55.0,3758,0,0
164,Quenda,Chelsea,MID,2,16,5,1,0,0,0,0,0,0,0.0,0.0,0.0,0.0,0,0,0.0,55.0,4061,231,820
164,Quenda,Chelsea,MID,3,29,1,0,0,0,0,0,0,0,0.0,0.0,0.0,0.0,0,0,0.0,54.0,3704,292,1196
561,Anselmino,Chelsea,DEF,1,10,10,0,0,0,0,0,0,0,0.0,0.0,0.0,0.0,0,0,0.0,45.0,1770,0,0
561,Anselmino,Chelsea,DEF,2,16,5,1,0,0,0,0,0,0,0.0,0.0,0.0,0.0,0,0,0.0,45.0,1737,122,446
561,Anselmino,Chelsea,DEF,3,29,1,0,0,0,0,0,0,0,0.0,0.0,0.0,0.0,0,0,0.0,45.0,1971,225,274
163,D.Essugo,Chelsea,MID,1,10,10,0,0,0,0,0,0,0,0.0,0.0,0.0,0.0,0,0,0.0,45.0,18298,0,0
163,D.Essugo,Chelsea,MID,2,16,5,1,0,0,0,0,0,0,0.0,0.0,0.0,0.0,0,0,0.0,45.0,18847,1252,2887
163,D.Essugo,Chelsea,MID,3,29,1,0,0,0,0,0,0,0,0.0,0.0,0.0,0.0,0,0,0.0,45.0,16417,1446,4593
583,Chavarria,Chelsea,DEF,1,10,10,0,25,0,1,0,0,0,0.0,0.0,0.0,0.5,0,3,1.0,50.0,17073,0,0
583,Chavarria,Chelsea,DEF,2,16,5,1,18,0,1,0,0,0,0.0,0.02,0.02,0.7,0,1,3.0,50.0,19574,1081,2558
583,Chavarria,Chelsea,DEF,3,29,1,0,30,0,1,0,0,0,0.0,0.0,0.0,0.8,0,2,2.0,50.0,17402,664,4077
170,Emegha,Chelsea,FWD,1,10,10,0,0,0,0,0,0,0,0.0,0.0,0.0,0.0,0,0,0.0,50.0,11724,0,0
170,Emegha,Chelsea,FWD,2,16,5,1,0,0,0,0,0,0,0.0,0.0,0.0,0.0,0,0,0.0,50.0,14647,1450,2334
170,Emegha,Chelsea,FWD,3,29,1,0,0,0,0,0,0,0,0.0,0.0,0.0,0.0,0,0,0.0,50.0,15735,2709,3248
568,Barco,Chelsea,MID,1,10,10,0,0,0,0,0,0,0,0.0,0.0,0.0,0.0,0,0,0.0,55.0,12041,0,0
568,Barco,Chelsea,MID,2,16,5,1,8,0,1,0,0,0,0.04,0.0,0.04,0.2,0,1,1.0,55.0,13561,528,1661
568,Barco,Chelsea,MID,3,29,1,0,0,0,0,0,0,0,0.0,0.0,0.0,0.0,0,0,0.0,55.0,13655,1055,2073
560,Penders,Chelsea,GKP,1,10,10,0,0,0,0,0,0,0,0.0,0.0,0.0,0.0,0,0,0.0,45.0,6087,0,0
560,Penders,Chelsea,GKP,2,16,5,1,0,0,0,0,0,0,0.0,0.0,0.0,0.0,0,0,0.0,45.0,7073,395,765
560,Penders,Chelsea,GKP,3,29,1,0,0,0,0,0,0,0,0.0,0.0,0.0,0.0,0,0,0.0,45.0,6809,363,1132
200,Lacroix,Chelsea,DEF,1,10,10,0,90,1,6,0,1,0,0.0,0.2,0.2,5.7,0,25,12.0,60.0,792478,0,0
200,Lacroix,Chelsea,DEF,2,16,5,1,90,1,1,0,0,0,0.02,0.0,0.02,1.9,0,-3,9.0,60.0,946023,63522,44807
200,Lacroix,Chelsea,DEF,3,29,1,0,90,1,2,0,0,0,0.0,0.01,0.01,2.9,0,3,11.0,60.0,839049,32879,150210
110,Rushworth,Coventry City,GKP,1,1,1,0,90,1,1,0,0,0,0.0,0.01,0.01,1.4,0,0,0.0,45.0,100521,0,0
110,Rushworth,Coventry City,GKP,2,13,11,1,90,1,2,0,0,0,0.0,0.0,0.0,1.1,0,10,0.0,45.0,122624,11931,4672
110,Rushworth,Coventry City,GKP,3,26,15,0,90,1,2,0,0,0,0.0,0.0,0.0,1.9,0,13,0.0,45.0,95482,2938,18953
172,Wilson,Coventry City,GKP,1,1,1,0,0,0,0,0,0,0,0.0,0.0,0.0,0.0,0,0,0.0,45.0,42690,0,0
172,Wilson,Coventry City,GKP,2,13,11,1,0,0,0,0,0,0,0.0,0.0,0.0,0.0,0,0,0.0,45.0,45549,227,3440
172,Wilson,Coventry City,GKP,3,26,15,0,0,0,0,0,0,0,0.0,0.0,0.0,0.0,0,0,0.0,45.0,41782,265,4207
173,Thomas,Coventry City,DEF,1,1,1,0,90,1,3,0,0,0,0.02,0.01,0.03,3.5,0,11,10.0,40.0,721945,0,0
173,Thomas,Coventry City,DEF,2,13,11,1,77,1,8,0,0,1,0.0,0.01,0.01,1.8,2,28,9.0,40.0,791028,38111,23890
173,Thomas,Coventry City,DEF,3,26,15,0,90,1,4,0,0,0,0.22,0.17,0.39,6.5,0,19,12.0,40.0,883716,114108,69667
104,Onyeka,Coventry City,MID,1,1,1,0,90,1,2,0,0,0,0.0,0.01,0.01,0.5,0,8,9.0,50.0,13188,0,0
104,Onyeka,Coventry City,MID,2,13,11,1,0,0,0,0,0,0,0.0,0.0,0.0,0.0,0,0,0.0,50.0,16442,2456,1600
104,Onyeka,Coventry City,MID,3,26,15,0,62,1,2,0,0,0,0.0,0.0,0.0,0.1,0,5,3.0,50.0,12452,379,4205
91,Pinnock,Coventry City,DEF,1,2,19,1,0,0,0,0,0,0,0.0,0.0,0.0,0.0,0,0,0.0,45.0,7000,0,0
91,Pinnock,Coventry City,DEF,2,13,11,1,12,0,1,0,0,0,0.0,0.0,0.0,0.5,0,-1,2.0,45.0,7757,574,971
91,Pinnock,Coventry City,DEF,3,26,15,0,90,1,3,0,0,0,0.11,0.0,0.11,2.4,0,3,13.0,45.0,7182,505,1316
171,Dovin,Coventry City,GKP,1,1,1,0,0,0,0,0,0,0,0.0,0.0,0.0,0.0,0,0,0.0,40.0,142267,0,0
171,Dovin,Coventry City,GKP,2,13,11,1,0,0,0,0,0,0,0.0,0.0,0.0,0.0,0,0,0.0,40.0,152756,2634,6411
171,Dovin,Coventry City,GKP,3,26,15,0,0,0,0,0,0,0,0.0,0.0,0.0,0.0,0,0,0.0,40.0,141466,6290,18295
176,Dasilva,Coventry City,DEF,1,1,1,0,90,1,1,0,0,0,0.0,0.02,0.02,1.8,0,-4,6.0,40.0,73424,0,0
176,Dasilva,Coventry City,DEF,2,13,11,1,90,1,2,0,0,0,0.18,0.05,0.23,4.0,0,15,3.0,40.0,82832,3224,4054
176,Dasilva,Coventry City,DEF,3,26,15,0,84,1,2,0,0,0,0.0,0.08,0.08,3.7,0,10,7.0,40.0,79293,2664,7186
179,Latibeaudiere,Coventry City,DEF,1,1,1,0,0,0,0,0,0,0,0.0,0.0,0.0,0.0,0,0,0.0,40.0,3977,0,0
179,Latibeaudiere,Coventry City,DEF,2,13,11,1,0,0,0,0,0,0,0.0,0.0,0.0,0.0,0,0,0.0,40.0,3984,160,420
179,Latibeaudiere,Coventry City,DEF,3,26,15,0,0,0,0,0,0,0,0.0,0.0,0.0,0.0,0,0,0.0,40.0,4150,319,480
177,Kesler-Hayden,Coventry City,DEF,1,1,1,0,0,0,0,0,0,0,0.0,0.0,0.0,0.0,0,0,0.0,40.0,6032,0,0
177,Kesler-Hayden,Coventry City,DEF,2,13,11,1,0,0,0,0,0,0,0.0,0.0,0.0,0.0,0,0,0.0,40.0,5764,168,750
177,Kesler-Hayden,Coventry City,DEF,3,26,15,0,0,0,0,0,0,0,0.0,0.0,0.0,0.0,0,0,0.0,40.0,4676,131,1262
182,Amenda,Coventry City,DEF,1,1,1,0,90,1,1,0,0,0,0.0,0.01,0.01,3.0,0,1,9.0,40.0,75420,0,0
182,Amenda,Coventry City,DEF,2,13,11,1,90,1,1,0,0,0,0.02,0.04,0.06,1.9,0,4,4.0,40.0,84795,3328,4511
182,Amenda,Coventry City,DEF,3,26,15,0,90,1,2,0,0,0,0.0,0.34,0.34,1.2,0,4,3.0,40.0,81029,3124,8077
174,Kitching,Coventry City,DEF,1,1,1,0,0,0,0,0,0,0,0.0,0.0,0.0,0.0,0,0,0.0,40.0,60272,0,0
174,Kitching,Coventry City,DEF,2,13,11,1,0,0,0,0,0,0,0.0,0.0,0.0,0.0,0,0,0.0,40.0,64130,520,4786
174,Kitching,Coventry City,DEF,3,26,15,0,0,0,0,0,0,0,0.0,0.0,0.0,0.0,0,0,0.0,40.0,53997,461,10437
185,Sakamoto,Coventry City,MID,1,1,1,0,0,0,0,0,0,0,0.0,0.0,0.0,0.0,0,0,0.0,50.0,10294,0,0
185,Sakamoto,Coventry City,MID,2,13,11,1,31,0,1,0,0,0,0.02,0.02,0.04,1.9,0,8,4.0,50.0,9710,137,1455
185,Sakamoto,Coventry City,MID,3,26,15,0,0,0,0,0,0,0,0.0,0.0,0.0,0.0,0,0,0.0,49.0,8559,404,1743
178,Bidwell,Coventry City,DEF,1,1,1,0,0,0,0,0,0,0,0.0,0.0,0.0,0.0,0,0,0.0,40.0,7091,0,0
178,Bidwell,Coventry City,DEF,2,13,11,1,0,0,0,0,0,0,0.0,0.0,0.0,0.0,0,0,0.0,40.0,8500,506,744
178,Bidwell,Coventry City,DEF,3,26,15,0,0,0,0,0,0,0,0.0,0.0,0.0,0.0,0,0,0.0,40.0,8763,663,978
175,van Ewijk,Coventry City,DEF,1,1,1,0,90,1,1,0,0,0,0.0,0.01,0.01,1.5,0,-8,7.0,40.0,1257228,0,0
175,van Ewijk,Coventry City,DEF,2,13,11,1,90,1,2,0,0,0,0.0,0.19,0.19,5.5,0,15,2.0,40.0,1295672,34451,49858
175,van Ewijk,Coventry City,DEF,3,26,15,0,90,1,3,0,0,0,0.0,0.06,0.06,2.4,0,5,11.0,40.0,1209039,41712,121967
180,Woolfenden,Coventry City,DEF,1,1,1,0,0,0,0,0,0,0,0.0,0.0,0.0,0.0,0,0,0.0,40.0,16501,0,0
180,Woolfenden,Coventry City,DEF,2,13,11,1,0,0,0,0,0,0,0.0,0.0,0.0,0.0,0,0,0.0,40.0,16943,946,2228
180,Woolfenden,Coventry City,DEF,3,26,15,0,0,0,0,0,0,0,0.0,0.0,0.0,0.0,0,0,0.0,40.0,15091,659,3181
189,Shepherd,Coventry City,MID,1,1,1,0,0,0,0,0,0,0,0.0,0.0,0.0,0.0,0,0,0.0,45.0,28435,0,0
189,Shepherd,Coventry City,MID,2,13,11,1,0,0,0,0,0,0,0.0,0.0,0.0,0.0,0,0,0.0,45.0,28459,1013,3171
189,Shepherd,Coventry City,MID,3,26,15,0,0,0,0,0,0,0,0.0,0.0,0.0,0.0,0,0,0.0,45.0,27151,1697,3739
181,Brau,Coventry City,DEF,1,1,1,0,0,0,0,0,0,0,0.0,0.0,0.0,0.0,0,0,0.0,40.0,3736,0,0
181,Brau,Coventry City,DEF,2,13,11,1,0,0,0,0,0,0,0.0,0.0,0.0,0.0,0,0,0.0,40.0,4079,256,338
181,Brau,Coventry City,DEF,3,26,15,0,0,0,0,0,0,0,0.0,0.0,0.0,0.0,0,0,0.0,40.0,3074,19,975
190,Tchaouna,Coventry City,MID,1,1,1,0,81,1,2,0,0,0,0.04,0.02,0.06,1.1,0,11,8.0,55.0,12321,0,0
190,Tchaouna,Coventry City,MID,2,13,11,1,58,1,1,0,0,0,0.05,0.13,0.18,3.1,0,7,6.0,55.0,16325,2762,1451
190,Tchaouna,Coventry City,MID,3,26,15,0,27,0,1,0,0,0,0.1,0.03,0.13,5.4,0,9,1.0,55.0,12425,128,3752
188,Torp,Coventry City,MID,1,1,1,0,28,0,1,0,0,0,0.0,0.11,0.11,2.3,0,8,1.0,55.0,15509,0,0
188,Torp,Coventry City,MID,2,13,11,1,19,0,1,0,0,0,0.0,0.01,0.01,0.3,0,2,2.0,55.0,16221,549,1824
188,Torp,Coventry City,MID,3,26,15,0,0,0,0,0,0,0,0.0,0.0,0.0,0.0,0,0,0.0,54.0,13303,100,2972
184,Grimes,Coventry City,MID,1,1,1,0,90,1,2,0,0,0,0.0,0.01,0.01,1.7,0,14,7.0,50.0,17412,0,0
184,Grimes,Coventry City,MID,2,13,11,1,90,1,2,0,0,0,0.01,0.04,0.05,3.7,0,14,10.0,50.0,20154,2290,1616
184,Grimes,Coventry City,MID,3,26,15,0,90,1,2,0,0,0,0.04,0.0,0.04,2.2,0,8,8.0,50.0,16127,481,3924
191,Borges Rodrigues,Coventry City,MID,1,1,1,0,0,0,0,0,0,0,0.0,0.0,0.0,0.0,0,0,0.0,45.0,16813,0,0
191,Borges Rodrigues,Coventry City,MID,2,13,11,1,0,0,0,0,0,0,0.0,0.0,0.0,0.0,0,0,0.0,45.0,16655,680,1873
191,Borges Rodrigues,Coventry City,MID,3,26,15,0,0,0,0,0,0,0,0.0,0.0,0.0,0.0,0,0,0.0,45.0,14534,1263,3688
186,Mason-Clark,Coventry City,MID,1,1,1,0,0,0,0,0,0,0,0.0,0.0,0.0,0.0,0,0,0.0,55.0,11314,0,0
186,Mason-Clark,Coventry City,MID,2,13,11,1,57,1,1,0,0,0,0.0,0.06,0.06,2.0,0,4,4.0,55.0,12149,489,1578
186,Mason-Clark,Coventry City,MID,3,26,15,0,70,1,2,0,0,0,0.0,0.0,0.0,0.1,0,4,5.0,54.0,10318,228,2088
183,Rudoni,Coventry City,MID,1,1,1,0,20,0,1,0,0,0,0.15,0.0,0.15,2.6,0,3,5.0,50.0,13002,0,0
183,Rudoni,Coventry City,MID,2,13,11,1,70,1,3,0,0,1,0.06,0.09,0.15,3.9,0,12,6.0,50.0,14191,1250,1299
183,Rudoni,Coventry City,MID,3,26,15,0,62,1,2,0,0,0,0.29,0.09,0.38,7.6,0,9,5.0,50.0,12234,706,2569
192,Andrews,Coventry City,MID,1,1,1,0,0,0,0,0,0,0,0.0,0.0,0.0,0.0,0,0,0.0,45.0,62690,0,0
192,Andrews,Coventry City,MID,2,13,11,1,0,0,0,0,0,0,0.0,0.0,0.0,0.0,0,0,0.0,45.0,62913,2576,7194
192,Andrews,Coventry City,MID,3,26,15,0,0,0,0,0,0,0,0.0,0.0,0.0,0.0,0,0,0.0,45.0,44026,142,17765
187,Eccles,Coventry City,MID,1,1,1,0,0,0,0,0,0,0,0.0,0.0,0.0,0.0,0,0,0.0,50.0,1503,0,0
187,Eccles,Coventry City,MID,2,13,11,1,0,0,0,0,0,0,0.0,0.0,0.0,0.0,0,0,0.0,50.0,1391,69,299
187,Eccles,Coventry City,MID,3,26,15,0,0,0,0,0,0,0,0.0,0.0,0.0,0.0,0,0,0.0,49.0,1547,434,404
196,Markelo,Coventry City,FWD,1,1,1,0,0,0,0,0,0,0,0.0,0.0,0.0,0.0,0,0,0.0,50.0,1827,0,0
196,Markelo,Coventry City,FWD,2,13,11,1,0,0,0,0,0,0,0.0,0.0,0.0,0.0,0,0,0.0,50.0,1206,0,590
196,Markelo,Coventry City,FWD,3,26,15,0,0,0,0,0,0,0,0.0,0.0,0.0,0.0,0,0,0.0,50.0,929,0,296
193,Wright,Coventry City,FWD,1,1,1,0,0,0,0,0,0,0,0.0,0.0,0.0,0.0,0,0,0.0,55.0,18871,0,0
193,Wright,Coventry City,FWD,2,13,11,1,0,0,0,0,0,0,0.0,0.0,0.0,0.0,0,0,0.0,55.0,13634,107,5425
193,Wright,Coventry City,FWD,3,26,15,0,0,0,0,0,0,0,0.0,0.0,0.0,0.0,0,0,0.0,54.0,10607,246,3348
194,Thomas-Asante,Coventry City,FWD,1,1,1,0,69,1,2,0,0,0,0.0,0.02,0.02,0.6,0,9,6.0,50.0,66198,0,0
194,Thomas-Asante,Coventry City,FWD,2,13,11,1,32,0,1,0,0,0,0.0,0.0,0.0,0.5,0,5,2.0,50.0,83366,14594,7888
194,Thomas-Asante,Coventry City,FWD,3,26,15,0,19,0,1,0,0,0,0.0,0.0,0.0,0.5,0,6,3.0,50.0,84492,16389,17499
195,Simms,Coventry City,FWD,1,1,1,0,69,1,2,0,0,0,0.0,0.01,0.01,1.7,0,7,3.0,50.0,78607,0,0
195,Simms,Coventry City,FWD,2,13,11,1,0,0,0,0,0,0,0.0,0.0,0.0,0.0,0,0,0.0,50.0,100916,19936,9603
195,Simms,Coventry City,FWD,3,26,15,0,19,0,1,0,0,0,0.3,0.0,0.3,5.0,0,3,0.0,50.0,88094,10057,22001
492,Awoniyi,Coventry City,FWD,1,1,1,0,20,0,1,0,0,0,0.0,0.0,0.0,0.1,0,4,1.0,55.0,76129,0,0
492,Awoniyi,Coventry City,FWD,2,13,11,1,90,1,2,0,0,0,0.93,0.03,0.96,9.9,0,6,3.0,55.0,83094,8654,9293
492,Awoniyi,Coventry City,FWD,3,26,15,0,70,1,2,0,0,0,0.31,0.0,0.31,1.7,0,6,5.0,55.0,69494,4842,18156
599,Cherif,Coventry City,FWD,1,1,1,0,0,0,0,0,0,0,0.0,0.0,0.0,0.0,0,0,0.0,50.0,7348,0,0
599,Cherif,Coventry City,FWD,2,13,11,1,0,0,0,0,0,0,0.0,0.0,0.0,0.0,0,0,0.0,50.0,9736,1724,1394
599,Cherif,Coventry City,FWD,3,26,15,0,0,0,0,0,0,0,0.0,0.0,0.0,0.0,0,0,0.0,50.0,10406,2227,2361
153,Disasi,Crystal Palace,DEF,1,10,10,0,0,0,0,0,0,0,0.0,0.0,0.0,0.0,0,0,0.0,45.0,5243,0,0
153,Disasi,Crystal Palace,DEF,2,11,15,1,16,0,1,0,0,0,0.0,0.0,0.0,0.1,0,-2,1.0,45.0,6037,525,848
153,Disasi,Crystal Palace,DEF,3,24,10,0,90,1,3,0,0,0,0.0,0.04,0.04,4.7,0,14,13.0,45.0,7480,1511,1008
197,Bassette,Coventry City,FWD,1,1,1,0,0,0,0,0,0,0,0.0,0.0,0.0,0.0,0,0,0.0,45.0,4620,0,0
197,Bassette,Coventry City,FWD,2,13,11,1,0,0,0,0,0,0,0.0,0.0,0.0,0.0,0,0,0.0,45.0,3783,0,788
197,Bassette,Coventry City,FWD,3,26,15,0,0,0,0,0,0,0,0.0,0.0,0.0,0.0,0,0,0.0,45.0,3200,0,548
42,Guessand,Crystal Palace,MID,1,3,9,0,27,0,1,0,0,0,0.03,0.02,0.05,1.2,0,3,1.0,55.0,3238,0,0
42,Guessand,Crystal Palace,MID,2,11,15,1,27,0,1,0,0,0,0.0,0.01,0.01,0.3,0,3,1.0,55.0,4594,483,623
42,Guessand,Crystal Palace,MID,3,24,10,0,0,0,0,0,0,0,0.0,0.0,0.0,0.0,0,0,0.0,55.0,4367,556,978
575,Yirenkyi,Coventry City,MID,1,1,1,0,61,1,1,0,0,0,0.0,0.0,0.0,0.0,0,2,3.0,50.0,23536,0,0
575,Yirenkyi,Coventry City,MID,2,13,11,1,70,1,3,0,0,1,0.03,0.13,0.16,3.2,0,17,7.0,50.0,23711,997,2575
575,Yirenkyi,Coventry City,MID,3,26,15,0,27,0,1,0,0,0,0.0,0.0,0.0,0.1,0,4,6.0,50.0,20321,778,4216
584,Hamer,Coventry City,MID,1,1,1,0,8,0,1,0,0,0,0.0,0.0,0.0,0.1,0,3,1.0,55.0,12932,0,0
584,Hamer,Coventry City,MID,2,13,11,1,19,0,1,0,0,0,0.0,0.02,0.02,0.2,0,2,0.0,55.0,13996,386,1428
584,Hamer,Coventry City,MID,3,26,15,0,5,0,1,0,0,0,0.0,0.0,0.0,0.0,0,1,2.0,55.0,11896,153,2279
623,Bentley,Coventry City,GKP,2,13,11,1,0,0,0,0,0,0,0.0,0.0,0.0,0.0,0,0,0.0,40.0,0,0,0
623,Bentley,Coventry City,GKP,3,26,15,0,0,0,0,0,0,0,0.0,0.0,0.0,0.0,0,0,0.0,40.0,29804,20080,2827
198,Henderson,Crystal Palace,GKP,1,3,9,0,90,1,2,0,0,0,0.0,0.0,0.0,2.8,0,14,0.0,50.0,171144,0,0
198,Henderson,Crystal Palace,GKP,2,11,15,1,90,1,1,0,0,0,0.0,0.0,0.0,3.0,0,4,0.0,50.0,182716,5904,13774
198,Henderson,Crystal Palace,GKP,3,24,10,0,90,1,2,0,0,0,0.0,0.0,0.0,3.8,0,19,0.0,50.0,188350,15007,18335
199,Benitez,Crystal Palace,GKP,1,3,9,0,0,0,0,0,0,0,0.0,0.0,0.0,0.0,0,0,0.0,45.0,10987,0,0
199,Benitez,Crystal Palace,GKP,2,11,15,1,0,0,0,0,0,0,0.0,0.0,0.0,0.0,0,0,0.0,45.0,11403,468,1376
199,Benitez,Crystal Palace,GKP,3,24,10,0,0,0,0,0,0,0,0.0,0.0,0.0,0.0,0,0,0.0,45.0,11282,648,1294
208,Sarr,Crystal Palace,MID,1,3,9,0,0,0,0,0,0,0,0.0,0.0,0.0,0.0,0,0,0.0,65.0,424225,0,0
208,Sarr,Crystal Palace,MID,2,11,15,1,0,0,0,0,0,0,0.0,0.0,0.0,0.0,0,0,0.0,64.0,227391,2102,206578
208,Sarr,Crystal Palace,MID,3,24,10,0,0,0,0,0,0,0,0.0,0.0,0.0,0.0,0,0,0.0,63.0,109790,330,118429
211,Yeremy,Crystal Palace,MID,1,3,9,0,35,0,1,0,0,0,0.06,0.02,0.08,1.4,0,4,5.0,55.0,18106,0,0
211,Yeremy,Crystal Palace,MID,2,11,15,1,67,1,5,0,1,0,0.05,0.07,0.12,5.4,0,27,10.0,55.0,18326,314,2458
211,Yeremy,Crystal Palace,MID,3,24,10,0,88,1,5,0,1,0,0.25,0.3,0.55,5.7,0,25,5.0,55.0,22762,5451,2582
204,Mitchell,Crystal Palace,DEF,1,3,9,0,90,1,1,0,0,0,0.0,0.01,0.01,2.7,0,9,5.0,45.0,580791,0,0
204,Mitchell,Crystal Palace,DEF,2,11,15,1,90,1,0,0,0,0,0.11,0.16,0.27,4.0,0,-8,5.0,45.0,548942,5965,50339
204,Mitchell,Crystal Palace,DEF,3,24,10,0,73,1,15,2,0,0,0.66,0.01,0.67,13.6,2,31,6.0,45.0,476563,9051,77583
206,Chadi Riad,Crystal Palace,DEF,1,3,9,0,72,1,1,0,0,0,0.0,0.01,0.01,1.4,0,7,7.0,45.0,6521,0,0
206,Chadi Riad,Crystal Palace,DEF,2,11,15,1,0,0,0,0,0,0,0.0,0.0,0.0,0.0,0,0,0.0,45.0,4410,320,2843
206,Chadi Riad,Crystal Palace,DEF,3,24,10,0,0,0,0,0,0,0,0.0,0.0,0.0,0.0,0,0,0.0,44.0,3064,193,1616
205,Sosa,Crystal Palace,DEF,1,3,9,0,0,0,0,0,0,0,0.0,0.0,0.0,0.0,0,0,0.0,45.0,2785,0,0
205,Sosa,Crystal Palace,DEF,2,11,15,1,0,0,0,0,0,0,0.0,0.0,0.0,0.0,0,0,0.0,45.0,3040,126,352
205,Sosa,Crystal Palace,DEF,3,24,10,0,0,0,0,0,0,0,0.0,0.0,0.0,0.0,0,0,0.0,45.0,2568,110,704
212,Hughes,Crystal Palace,MID,1,3,9,0,0,0,0,0,0,0,0.0,0.0,0.0,0.0,0,0,0.0,45.0,1093674,0,0
212,Hughes,Crystal Palace,MID,2,11,15,1,0,0,0,0,0,0,0.0,0.0,0.0,0.0,0,0,0.0,45.0,1064673,20182,90180
212,Hughes,Crystal Palace,MID,3,24,10,0,16,0,1,0,0,0,0.0,0.0,0.0,0.3,0,3,3.0,45.0,969611,37588,133611
202,Richards,Crystal Palace,DEF,1,3,9,0,90,1,3,0,0,0,0.0,0.0,0.0,4.3,0,13,16.0,50.0,66477,0,0
202,Richards,Crystal Palace,DEF,2,11,15,1,90,1,0,0,0,0,0.04,0.0,0.04,3.2,0,-4,6.0,50.0,71981,4208,6454
202,Richards,Crystal Palace,DEF,3,24,10,0,90,1,1,0,0,0,0.04,0.0,0.04,3.6,0,8,9.0,50.0,68124,5745,11171
214,Kamada,Crystal Palace,MID,1,3,9,0,90,1,3,0,0,0,0.0,0.27,0.27,5.0,0,25,14.0,50.0,24728,0,0
214,Kamada,Crystal Palace,MID,2,11,15,1,90,1,2,0,0,0,0.05,0.02,0.07,2.7,0,21,9.0,50.0,27191,1944,3094
214,Kamada,Crystal Palace,MID,3,24,10,0,88,1,5,0,1,0,0.0,0.01,0.01,4.9,0,21,4.0,50.0,28293,4293,4552
213,Lerma,Crystal Palace,MID,1,3,9,0,0,0,0,0,0,0,0.0,0.0,0.0,0.0,0,0,0.0,50.0,10665,0,0
213,Lerma,Crystal Palace,MID,2,11,15,1,0,0,0,0,0,0,0.0,0.0,0.0,0.0,0,0,0.0,50.0,10302,204,1450
213,Lerma,Crystal Palace,MID,3,24,10,0,0,0,0,0,0,0,0.0,0.0,0.0,0.0,0,0,0.0,49.0,9259,496,1742
203,Canvot,Crystal Palace,DEF,1,3,9,0,90,1,1,0,0,0,0.05,0.01,0.06,3.8,0,9,8.0,50.0,30748,0,0
203,Canvot,Crystal Palace,DEF,2,11,15,1,90,1,0,0,0,0,0.0,0.0,0.0,2.3,0,-1,7.0,50.0,29914,821,4021
203,Canvot,Crystal Palace,DEF,3,24,10,0,90,1,1,0,0,0,0.0,0.0,0.0,1.5,0,4,9.0,49.0,25628,1708,5765
210,Wharton,Crystal Palace,MID,1,3,9,0,90,1,4,0,0,0,0.0,0.24,0.24,4.8,0,20,14.0,55.0,75177,0,0
210,Wharton,Crystal Palace,MID,2,11,15,1,90,1,2,0,0,0,0.0,0.07,0.07,4.1,0,21,7.0,55.0,88998,6710,7800
210,Wharton,Crystal Palace,MID,3,24,10,0,90,1,2,0,0,0,0.0,0.01,0.01,2.0,0,10,8.0,55.0,89835,10076,13720
207,Mingueza,Crystal Palace,DEF,1,3,9,0,0,0,0,0,0,0,0.0,0.0,0.0,0.0,0,0,0.0,45.0,7928,0,0
207,Mingueza,Crystal Palace,DEF,2,11,15,1,15,0,1,0,0,0,0.0,0.0,0.0,0.2,0,1,1.0,45.0,7384,199,1280
207,Mingueza,Crystal Palace,DEF,3,24,10,0,1,0,1,0,0,0,0.0,0.0,0.0,0.1,0,4,1.0,44.0,7148,770,1311
219,J.Rak-Sakyi,Crystal Palace,MID,1,3,9,0,0,0,0,0,0,0,0.0,0.0,0.0,0.0,0,0,0.0,50.0,550,0,0
219,J.Rak-Sakyi,Crystal Palace,MID,2,11,15,1,0,0,0,0,0,0,0.0,0.0,0.0,0.0,0,0,0.0,50.0,578,39,90
219,J.Rak-Sakyi,Crystal Palace,MID,3,24,10,0,0,0,0,0,0,0,0.0,0.0,0.0,0.0,0,0,0.0,50.0,553,51,111
218,Doucouré,Crystal Palace,MID,1,3,9,0,0,0,0,0,0,0,0.0,0.0,0.0,0.0,0,0,0.0,50.0,6199,0,0
218,Doucouré,Crystal Palace,MID,2,11,15,1,0,0,0,0,0,0,0.0,0.0,0.0,0.0,0,0,0.0,50.0,6115,248,1059
218,Doucouré,Crystal Palace,MID,3,24,10,0,0,0,0,0,0,0,0.0,0.0,0.0,0.0,0,0,0.0,49.0,6155,984,1320
216,Esse,Crystal Palace,MID,1,3,9,0,0,0,0,0,0,0,0.0,0.0,0.0,0.0,0,0,0.0,50.0,3728,0,0
216,Esse,Crystal Palace,MID,2,11,15,1,0,0,0,0,0,0,0.0,0.0,0.0,0.0,0,0,0.0,50.0,3956,211,590
216,Esse,Crystal Palace,MID,3,24,10,0,0,0,0,0,0,0,0.0,0.0,0.0,0.0,0,0,0.0,50.0,3105,188,1153
217,M.França,Crystal Palace,MID,1,3,9,0,0,0,0,0,0,0,0.0,0.0,0.0,0.0,0,0,0.0,50.0,3157,0,0
217,M.França,Crystal Palace,MID,2,11,15,1,0,0,0,0,0,0,0.0,0.0,0.0,0.0,0,0,0.0,50.0,2546,17,714
217,M.França,Crystal Palace,MID,3,24,10,0,0,0,0,0,0,0,0.0,0.0,0.0,0.0,0,0,0.0,49.0,2633,933,1106
215,Devenny,Crystal Palace,MID,1,3,9,0,0,0,0,0,0,0,0.0,0.0,0.0,0.0,0,0,0.0,50.0,1134,0,0
215,Devenny,Crystal Palace,MID,2,11,15,1,0,0,0,0,0,0,0.0,0.0,0.0,0.0,0,0,0.0,50.0,1141,69,176
215,Devenny,Crystal Palace,MID,3,24,10,0,0,0,0,0,0,0,0.0,0.0,0.0,0.0,0,0,0.0,50.0,914,63,338
220,Cardines,Crystal Palace,DEF,1,3,9,0,0,0,0,0,0,0,0.0,0.0,0.0,0.0,0,0,0.0,45.0,255,0,0
220,Cardines,Crystal Palace,DEF,2,11,15,1,0,0,0,0,0,0,0.0,0.0,0.0,0.0,0,0,0.0,45.0,187,0,65
220,Cardines,Crystal Palace,DEF,3,24,10,0,0,0,0,0,0,0,0.0,0.0,0.0,0.0,0,0,0.0,45.0,151,0,39
224,Nketiah,Crystal Palace,FWD,1,3,9,0,55,1,1,0,0,0,0.6,0.58,1.18,5.8,0,12,3.0,55.0,43148,0,0
224,Nketiah,Crystal Palace,FWD,2,11,15,1,67,1,2,0,0,0,0.36,0.0,0.36,2.1,0,8,6.0,55.0,47953,3263,5780
224,Nketiah,Crystal Palace,FWD,3,24,10,0,45,1,4,0,1,0,0.14,0.0,0.14,5.1,0,16,2.0,55.0,55843,11874,8284
221,Drakes-Thomas,Crystal Palace,MID,1,3,9,0,0,0,0,0,0,0,0.0,0.0,0.0,0.0,0,0,0.0,45.0,8076,0,0
221,Drakes-Thomas,Crystal Palace,MID,2,11,15,1,0,0,0,0,0,0,0.0,0.0,0.0,0.0,0,0,0.0,45.0,8204,399,988
221,Drakes-Thomas,Crystal Palace,MID,3,24,10,0,0,0,0,0,0,0,0.0,0.0,0.0,0.0,0,0,0.0,45.0,8457,939,1191
577,Tomiyasu,Crystal Palace,DEF,1,3,9,0,18,0,1,0,0,0,0.0,0.01,0.01,0.5,0,3,1.0,45.0,31543,0,0
577,Tomiyasu,Crystal Palace,DEF,2,11,15,1,73,1,1,0,0,0,0.0,0.0,0.0,1.6,0,-3,8.0,45.0,34647,829,2667
577,Tomiyasu,Crystal Palace,DEF,3,24,10,0,0,0,0,0,0,0,0.0,0.0,0.0,0.0,0,0,0.0,45.0,33461,1378,3430
555,Matthews,Crystal Palace,GKP,1,3,9,0,0,0,0,0,0,0,0.0,0.0,0.0,0.0,0,0,0.0,40.0,156141,0,0
555,Matthews,Crystal Palace,GKP,2,11,15,1,0,0,0,0,0,0,0.0,0.0,0.0,0.0,0,0,0.0,40.0,183203,5945,6235
555,Matthews,Crystal Palace,GKP,3,24,10,0,0,0,0,0,0,0,0.0,0.0,0.0,0.0,0,0,0.0,40.0,188559,7566,8663
223,Mateta,Crystal Palace,FWD,1,3,9,0,62,1,2,0,0,0,0.7,0.02,0.72,2.5,0,-3,5.0,65.0,504100,0,0
223,Mateta,Crystal Palace,FWD,2,11,15,1,0,0,0,0,0,0,0.0,0.0,0.0,0.0,0,0,0.0,65.0,510630,23951,72433
223,Mateta,Crystal Palace,FWD,3,24,10,0,0,0,0,0,0,0,0.0,0.0,0.0,0.0,0,0,0.0,64.0,236661,1227,270528
222,Strand Larsen,Crystal Palace,FWD,1,3,9,0,27,0,1,0,0,0,0.25,0.01,0.26,2.2,0,3,0.0,60.0,50940,0,0
222,Strand Larsen,Crystal Palace,FWD,2,11,15,1,62,1,2,0,0,0,0.05,0.0,0.05,1.0,0,13,4.0,60.0,50504,1510,7771
222,Strand Larsen,Crystal Palace,FWD,3,24,10,0,45,0,1,0,0,0,0.0,0.0,0.0,0.3,0,4,4.0,60.0,51335,7524,8505
643,Chilwell,Crystal Palace,DEF,3,24,10,0,16,0,7,1,0,0,0.15,0.0,0.15,5.1,0,20,0.0,45.0,984,763,84
21,Nørgaard,Everton,MID,1,3,8,1,0,0,0,0,0,0,0.0,0.0,0.0,0.0,0,0,0.0,50.0,10920,0,0
21,Nørgaard,Everton,MID,2,12,3,0,0,0,0,0,0,0,0.0,0.0,0.0,0.0,0,0,0.0,50.0,8315,102,2866
21,Nørgaard,Everton,MID,3,30,16,1,0,0,0,0,0,0,0.0,0.0,0.0,0.0,0,0,0.0,49.0,6444,209,2171
209,Johnson,Everton,MID,1,3,8,1,6,0,1,0,0,0,0.0,0.0,0.0,0.4,0,3,2.0,60.0,15299,0,0
209,Johnson,Everton,MID,2,12,3,0,28,0,1,0,0,0,0.0,0.0,0.0,0.1,0,1,2.0,60.0,15402,732,2580
209,Johnson,Everton,MID,3,30,16,1,65,1,1,0,0,0,0.05,0.04,0.09,3.9,0,3,8.0,59.0,13119,786,3477
225,Uche,Crystal Palace,FWD,1,3,9,0,0,0,0,0,0,0,0.0,0.0,0.0,0.0,0,0,0.0,50.0,0,0,0
225,Uche,Crystal Palace,FWD,2,11,15,1,0,0,0,0,0,0,0.0,0.0,0.0,0.0,0,0,0.0,50.0,0,0,0
225,Uche,Crystal Palace,FWD,3,24,10,0,0,0,0,0,0,0,0.0,0.0,0.0,0.0,0,0,0.0,50.0,0,0,0
241,McNeil,Crystal Palace,MID,1,3,9,0,62,1,2,0,0,0,0.05,0.02,0.07,1.6,0,11,5.0,55.0,15735,0,0
241,McNeil,Crystal Palace,MID,2,11,15,1,22,0,1,0,0,0,0.0,0.0,0.0,0.1,0,2,2.0,55.0,16698,472,1828
241,McNeil,Crystal Palace,MID,3,24,10,0,0,0,0,0,0,0,0.0,0.0,0.0,0.0,0,0,0.0,55.0,14863,540,2482
588,Khalaili,Crystal Palace,DEF,1,3,9,0,35,0,1,0,0,0,0.0,0.16,0.16,5.5,0,12,9.0,50.0,8418,0,0
588,Khalaili,Crystal Palace,DEF,2,11,15,1,74,1,2,0,0,0,0.02,0.0,0.02,3.1,0,9,14.0,50.0,10199,462,827
588,Khalaili,Crystal Palace,DEF,3,24,10,0,90,1,3,0,0,0,0.72,0.01,0.73,3.2,0,6,10.0,50.0,13924,4048,1549
633,Ahanor,Crystal Palace,DEF,3,24,10,0,0,0,0,0,0,0,0.0,0.0,0.0,0.0,0,0,0.0,45.0,296,217,32
647,Osorio,Crystal Palace,MID,3,24,10,0,1,0,1,0,0,0,0.0,0.0,0.0,0.2,0,2,1.0,55.0,535,461,50
644,Timber,Crystal Palace,MID,3,24,10,0,73,1,2,0,0,0,0.02,0.0,0.02,0.5,0,8,6.0,50.0,782,656,100
227,Travers,Everton,GKP,1,3,8,1,0,0,0,0,0,0,0.0,0.0,0.0,0.0,0,0,0.0,50.0,3019,0,0
227,Travers,Everton,GKP,2,12,3,0,0,0,0,0,0,0,0.0,0.0,0.0,0.0,0,0,0.0,50.0,3593,290,403
227,Travers,Everton,GKP,3,30,16,1,0,0,0,0,0,0,0.0,0.0,0.0,0.0,0,0,0.0,50.0,3563,282,558
595,Gozo,Crystal Palace,MID,1,3,9,0,0,0,0,0,0,0,0.0,0.0,0.0,0.0,0,0,0.0,50.0,1214,0,0
595,Gozo,Crystal Palace,MID,2,11,15,1,22,0,1,0,0,0,0.0,0.0,0.0,0.3,0,3,1.0,50.0,1414,101,173
595,Gozo,Crystal Palace,MID,3,24,10,0,0,0,0,0,0,0,0.0,0.0,0.0,0.0,0,0,0.0,50.0,1444,158,224
226,Pickford,Everton,GKP,1,3,8,1,90,1,7,0,0,1,0.0,0.02,0.02,3.2,0,34,0.0,55.0,698199,0,0
226,Pickford,Everton,GKP,2,12,3,0,90,1,3,0,0,0,0.0,0.0,0.0,3.2,0,22,0.0,55.0,878157,63539,28190
226,Pickford,Everton,GKP,3,30,16,1,90,1,1,0,0,0,0.0,0.0,0.0,0.9,0,6,0.0,55.0,890933,56478,81924
228,King,Everton,GKP,1,3,8,1,0,0,0,0,0,0,0.0,0.0,0.0,0.0,0,0,0.0,45.0,3498,0,0
228,King,Everton,GKP,2,12,3,0,0,0,0,0,0,0,0.0,0.0,0.0,0.0,0,0,0.0,45.0,4235,243,379
228,King,Everton,GKP,3,30,16,1,0,0,0,0,0,0,0.0,0.0,0.0,0.0,0,0,0.0,45.0,4408,303,514
229,Tarkowski,Everton,DEF,1,3,8,1,90,1,6,0,0,1,0.05,0.0,0.05,2.0,0,25,9.0,60.0,765229,0,0
229,Tarkowski,Everton,DEF,2,12,3,0,90,1,12,1,0,0,0.1,0.01,0.11,8.5,2,27,10.0,60.0,861719,42736,37066
229,Tarkowski,Everton,DEF,3,30,16,1,90,1,3,0,0,0,0.02,0.01,0.03,3.1,0,11,12.0,60.0,1115834,211638,85557
231,Keane,Everton,DEF,1,3,8,1,0,0,0,0,0,0,0.0,0.0,0.0,0.0,0,0,0.0,50.0,151116,0,0
231,Keane,Everton,DEF,2,12,3,0,0,0,0,0,0,0,0.0,0.0,0.0,0.0,0,0,0.0,50.0,136213,3260,24885
231,Keane,Everton,DEF,3,30,16,1,0,0,0,0,0,0,0.0,0.0,0.0,0.0,0,0,0.0,49.0,105416,2294,33004
232,O'Brien,Everton,DEF,1,3,8,1,0,0,0,0,0,0,0.0,0.0,0.0,0.0,0,0,0.0,50.0,44689,0,0
232,O'Brien,Everton,DEF,2,12,3,0,0,0,0,0,0,0,0.0,0.0,0.0,0.0,0,0,0.0,50.0,42208,1403,7729
232,O'Brien,Everton,DEF,3,30,16,1,0,0,0,0,0,0,0.0,0.0,0.0,0.0,0,0,0.0,49.0,35192,929,8440
230,Branthwaite,Everton,DEF,1,3,8,1,90,1,6,0,0,1,0.0,0.01,0.01,2.5,0,27,8.0,55.0,141420,0,0
230,Branthwaite,Everton,DEF,2,12,3,0,90,1,4,0,0,0,0.09,0.01,0.1,5.7,0,6,12.0,55.0,183710,19103,8918
230,Branthwaite,Everton,DEF,3,30,16,1,90,1,3,0,0,0,0.08,0.0,0.08,7.6,0,10,11.0,55.0,182675,15501,21385
236,Dewsbury-Hall,Everton,MID,1,3,8,1,90,1,11,1,0,1,0.12,0.17,0.29,9.8,3,40,8.0,65.0,288693,0,0
236,Dewsbury-Hall,Everton,MID,2,12,3,0,90,1,2,0,0,0,0.06,0.16,0.22,8.1,0,24,10.0,65.0,473030,132647,26951
236,Dewsbury-Hall,Everton,MID,3,30,16,1,90,1,2,0,0,0,0.27,0.07,0.34,8.7,0,20,11.0,65.0,440536,60861,92933
233,Mykolenko,Everton,DEF,1,3,8,1,90,1,6,0,0,1,0.0,0.05,0.05,2.9,0,27,4.0,45.0,134687,0,0
233,Mykolenko,Everton,DEF,2,12,3,0,90,1,4,0,0,0,0.0,0.01,0.01,3.8,0,7,12.0,45.0,164056,21784,9070
233,Mykolenko,Everton,DEF,3,30,16,1,90,1,1,0,0,0,0.0,0.01,0.01,1.5,0,8,6.0,45.0,178705,40120,26256
238,Grealish,Everton,MID,1,8,3,1,8,0,1,0,0,0,0.0,0.0,0.0,0.2,0,2,1.0,65.0,16005,0,0
238,Grealish,Everton,MID,2,11,8,0,0,0,0,0,0,0,0.0,0.0,0.0,0.0,0,0,0.0,65.0,21085,1202,2403
238,Grealish,Everton,MID,3,30,16,1,24,0,1,0,0,0,0.02,0.13,0.15,2.8,0,8,1.0,65.0,28839,9521,5532
234,Patterson,Everton,DEF,1,3,8,1,0,0,0,0,0,0,0.0,0.0,0.0,0.0,0,0,0.0,45.0,2948,0,0
234,Patterson,Everton,DEF,2,12,3,0,0,0,0,0,0,0,0.0,0.0,0.0,0.0,0,0,0.0,45.0,3302,207,369
234,Patterson,Everton,DEF,3,30,16,1,0,0,0,0,0,0,0.0,0.0,0.0,0.0,0,0,0.0,45.0,2692,164,879
235,Aznou,Everton,DEF,1,3,8,1,0,0,0,0,0,0,0.0,0.0,0.0,0.0,0,0,0.0,40.0,16732,0,0
235,Aznou,Everton,DEF,2,12,3,0,0,0,0,0,0,0,0.0,0.0,0.0,0.0,0,0,0.0,40.0,18113,1009,1688
235,Aznou,Everton,DEF,3,30,16,1,0,0,0,0,0,0,0.0,0.0,0.0,0.0,0,0,0.0,40.0,14764,719,4181
249,Barry,Everton,FWD,1,3,8,1,78,1,8,1,0,1,0.45,0.09,0.54,9.8,2,37,3.0,55.0,117327,0,0
249,Barry,Everton,FWD,2,12,3,0,69,1,2,0,0,0,1.48,0.0,1.48,8.0,0,6,3.0,55.0,352239,150265,22428
249,Barry,Everton,FWD,3,30,16,1,90,1,2,0,0,0,0.38,0.02,0.4,3.9,0,7,4.0,55.0,501671,195909,91343
649,Maitland-Niles,Everton,DEF,3,30,16,1,13,0,7,1,0,0,0.03,0.0,0.03,4.1,0,13,0.0,45.0,569,559,128
242,George,Everton,MID,1,3,8,1,83,1,3,0,0,1,0.18,0.08,0.26,5.5,0,13,7.0,55.0,24527,0,0
242,George,Everton,MID,2,12,3,0,61,1,2,0,0,0,0.05,0.01,0.06,3.4,0,12,2.0,55.0,28043,2273,2482
242,George,Everton,MID,3,30,16,1,90,1,10,1,0,0,0.04,0.07,0.11,10.4,3,35,4.0,55.0,25310,1760,4800
247,Hackney,Everton,MID,1,3,8,1,78,1,3,0,0,1,0.01,0.01,0.02,2.6,0,16,7.0,55.0,24410,0,0
247,Hackney,Everton,MID,2,12,3,0,28,0,1,0,0,0,0.0,0.01,0.01,1.1,0,3,3.0,55.0,24628,844,3202
247,Hackney,Everton,MID,3,30,16,1,15,0,4,0,1,0,0.04,0.09,0.13,5.6,0,14,1.0,55.0,21598,499,3714
243,Alcaraz,Everton,MID,1,3,8,1,1,0,1,0,0,0,0.02,0.0,0.02,2.2,0,7,3.0,50.0,8329,0,0
243,Alcaraz,Everton,MID,2,12,3,0,4,0,0,0,0,0,0.03,0.02,0.05,0.5,0,-2,0.0,50.0,9333,753,1138
243,Alcaraz,Everton,MID,3,30,16,1,0,0,0,0,0,0,0.0,0.0,0.0,0.0,0,0,0.0,50.0,8638,815,1939
248,Beto,Everton,FWD,1,3,8,1,11,0,1,0,0,0,0.05,0.0,0.05,0.2,0,3,0.0,55.0,249740,0,0
248,Beto,Everton,FWD,2,12,3,0,20,0,1,0,0,0,0.04,0.0,0.04,0.6,0,2,1.0,55.0,227543,7709,42811
248,Beto,Everton,FWD,3,30,16,1,0,0,0,0,0,0,0.0,0.0,0.0,0.0,0,0,0.0,54.0,153951,8513,82131
245,Dibling,Everton,MID,1,3,8,1,0,0,0,0,0,0,0.0,0.0,0.0,0.0,0,0,0.0,55.0,3592,0,0
245,Dibling,Everton,MID,2,12,3,0,0,0,0,0,0,0,0.0,0.0,0.0,0.0,0,0,0.0,55.0,3529,201,751
245,Dibling,Everton,MID,3,30,16,1,0,0,0,0,0,0,0.0,0.0,0.0,0.0,0,0,0.0,54.0,3219,356,868
244,Armstrong,Everton,MID,1,3,8,1,90,1,8,0,1,1,0.0,0.04,0.04,4.8,0,25,16.0,50.0,6793,0,0
244,Armstrong,Everton,MID,2,12,3,0,86,1,2,0,0,0,0.0,0.03,0.03,2.4,0,12,9.0,50.0,24656,12786,2467
244,Armstrong,Everton,MID,3,30,16,1,90,1,1,0,0,0,0.09,0.03,0.12,2.1,0,5,5.0,50.0,41659,21368,9178
246,Röhl,Everton,MID,1,3,8,1,90,1,3,0,0,1,0.0,0.06,0.06,2.9,0,12,9.0,50.0,5179,0,0
246,Röhl,Everton,MID,2,12,3,0,85,1,2,0,0,0,0.0,0.01,0.01,1.1,0,13,9.0,50.0,5759,518,636
246,Röhl,Everton,MID,3,30,16,1,74,1,1,0,0,0,0.0,0.13,0.13,2.1,0,10,6.0,50.0,5345,580,1167
239,Garner,Everton,MID,1,3,8,1,11,0,1,0,0,0,0.0,0.03,0.03,1.9,0,6,1.0,60.0,11659,0,0
239,Garner,Everton,MID,2,12,3,0,61,1,1,0,0,0,0.0,0.0,0.0,0.5,0,9,10.0,60.0,13621,1533,1649
239,Garner,Everton,MID,3,30,16,1,76,1,2,0,0,0,0.0,0.08,0.08,4.1,0,19,8.0,60.0,14095,2988,3324
654,Graham,Everton,MID,3,30,16,1,0,0,0,0,0,0,0.0,0.0,0.0,0.0,0,0,0.0,45.0,0,0,0
252,McNally,Fulham,GKP,1,10,6,1,0,0,0,0,0,0,0.0,0.0,0.0,0.0,0,0,0.0,40.0,13569,0,0
252,McNally,Fulham,GKP,2,19,20,0,0,0,0,0,0,0,0.0,0.0,0.0,0.0,0,0,0.0,40.0,15794,805,620
252,McNally,Fulham,GKP,3,24,8,1,0,0,0,0,0,0,0.0,0.0,0.0,0.0,0,0,0.0,40.0,15288,1784,2589
251,Lecomte,Fulham,GKP,1,10,6,1,0,0,0,0,0,0,0.0,0.0,0.0,0.0,0,0,0.0,40.0,107540,0,0
251,Lecomte,Fulham,GKP,2,19,20,0,0,0,0,0,0,0,0.0,0.0,0.0,0.0,0,0,0.0,40.0,117798,1492,4128
251,Lecomte,Fulham,GKP,3,24,8,1,0,0,0,0,0,0,0.0,0.0,0.0,0.0,0,0,0.0,40.0,123475,9450,7851
250,Leno,Fulham,GKP,1,10,6,1,90,1,2,0,0,0,0.0,0.0,0.0,3.0,0,11,0.0,45.0,272035,0,0
250,Leno,Fulham,GKP,2,19,20,0,90,1,3,0,0,0,0.0,0.0,0.0,1.9,0,11,0.0,45.0,300981,12174,11529
250,Leno,Fulham,GKP,3,24,8,1,90,1,1,0,0,0,0.0,0.0,0.0,1.9,0,8,0.0,45.0,339301,41560,27077
254,Robinson,Fulham,DEF,1,10,6,1,81,1,1,0,0,0,0.13,0.04,0.17,5.0,0,4,7.0,45.0,148513,0,0
254,Robinson,Fulham,DEF,2,19,20,0,90,1,2,0,0,0,0.0,0.02,0.02,1.4,0,10,3.0,45.0,165662,11181,9429
254,Robinson,Fulham,DEF,3,24,8,1,78,1,1,0,0,0,0.08,0.1,0.18,4.8,0,7,5.0,45.0,173615,15006,17182
256,Tete,Fulham,DEF,1,10,6,1,0,0,0,0,0,0,0.0,0.0,0.0,0.0,0,0,0.0,45.0,24681,0,0
256,Tete,Fulham,DEF,2,19,20,0,0,0,0,0,0,0,0.0,0.0,0.0,0.0,0,0,0.0,45.0,25956,338,2061
256,Tete,Fulham,DEF,3,24,8,1,0,0,0,0,0,0,0.0,0.0,0.0,0.0,0,0,0.0,45.0,23617,430,3016
255,J.Cuenca,Fulham,DEF,1,10,6,1,90,1,3,0,0,0,0.0,0.03,0.03,5.4,0,7,10.0,45.0,1787,0,0
255,J.Cuenca,Fulham,DEF,2,19,20,0,0,0,0,0,0,0,0.0,0.0,0.0,0.0,0,0,0.0,45.0,3423,781,259
255,J.Cuenca,Fulham,DEF,3,24,8,1,0,0,0,0,0,0,0.0,0.0,0.0,0.0,0,0,0.0,45.0,3459,506,689
258,Castagne,Fulham,DEF,1,10,6,1,90,1,6,0,2,0,0.09,0.18,0.27,8.9,0,21,6.0,45.0,26346,0,0
258,Castagne,Fulham,DEF,2,19,20,0,67,1,6,0,0,1,0.0,0.0,0.0,0.0,0,18,2.0,45.0,45933,12096,2615
258,Castagne,Fulham,DEF,3,24,8,1,90,1,1,0,0,0,0.58,0.19,0.77,7.5,0,-1,7.0,45.0,105919,44214,10839
253,Andersen,Fulham,DEF,1,10,6,1,0,0,0,0,0,0,0.0,0.0,0.0,0.0,0,0,0.0,50.0,3342,0,0
253,Andersen,Fulham,DEF,2,19,20,0,90,1,1,0,0,0,0.0,0.04,0.04,3.3,0,4,8.0,50.0,7735,2314,630
253,Andersen,Fulham,DEF,3,24,8,1,90,1,1,0,0,0,0.0,0.06,0.06,5.3,0,8,7.0,50.0,15474,5842,2138
257,Bassey,Fulham,DEF,1,10,6,1,90,1,0,0,0,0,0.02,0.02,0.04,2.0,0,1,4.0,45.0,64737,0,0
257,Bassey,Fulham,DEF,2,19,20,0,90,1,2,0,0,0,0.0,0.01,0.01,2.2,0,13,7.0,45.0,75885,6863,6042
257,Bassey,Fulham,DEF,3,24,8,1,90,1,1,0,0,0,0.0,0.04,0.04,2.0,0,2,2.0,45.0,79648,8199,7975
263,Kevin,Fulham,MID,1,10,6,1,17,0,1,0,0,0,0.0,0.01,0.01,0.7,0,2,3.0,55.0,5144,0,0
263,Kevin,Fulham,MID,2,19,20,0,7,0,1,0,0,0,0.0,0.04,0.04,0.1,0,2,0.0,55.0,5495,419,862
263,Kevin,Fulham,MID,3,24,8,1,0,0,0,0,0,0,0.0,0.0,0.0,0.0,0,0,0.0,54.0,4945,553,1342
268,King,Fulham,MID,1,10,6,1,90,1,7,1,0,0,0.17,0.04,0.21,9.8,0,34,8.0,55.0,14215,0,0
268,King,Fulham,MID,2,19,20,0,90,1,2,0,0,0,0.47,0.03,0.5,3.6,0,8,4.0,55.0,59498,34683,4164
268,King,Fulham,MID,3,24,8,1,90,1,10,1,0,0,0.31,0.27,0.58,10.5,3,38,7.0,55.0,76528,23134,13472
265,Berge,Fulham,MID,1,10,6,1,72,1,2,0,0,0,0.03,0.03,0.06,4.4,0,14,4.0,50.0,38470,0,0
265,Berge,Fulham,MID,2,19,20,0,82,1,2,0,0,0,0.0,0.2,0.2,3.6,0,14,2.0,50.0,38868,1465,3333
265,Berge,Fulham,MID,3,24,8,1,29,0,1,0,0,0,0.0,0.1,0.1,0.6,0,9,2.0,50.0,36133,1875,5184
262,Smith Rowe,Fulham,MID,1,10,6,1,0,0,0,0,0,0,0.0,0.0,0.0,0.0,0,0,0.0,55.0,35036,0,0
262,Smith Rowe,Fulham,MID,2,19,20,0,14,0,1,0,0,0,0.06,0.02,0.08,3.5,0,5,1.0,55.0,36765,1414,4748
262,Smith Rowe,Fulham,MID,3,24,8,1,11,0,1,0,0,0,0.0,0.0,0.0,0.3,0,3,0.0,55.0,32334,1425,6526
261,Iwobi,Fulham,MID,1,10,6,1,90,1,2,0,0,0,0.0,0.04,0.04,2.4,0,17,10.0,55.0,88413,0,0
261,Iwobi,Fulham,MID,2,19,20,0,90,1,2,0,0,0,0.01,0.4,0.41,5.0,0,20,4.0,55.0,95898,6095,9396
261,Iwobi,Fulham,MID,3,24,8,1,82,1,2,0,0,0,0.04,0.26,0.3,4.2,0,15,4.0,55.0,88922,7354,16871
269,Sessegnon,Fulham,DEF,1,10,6,1,17,0,1,0,0,0,0.03,0.0,0.03,2.6,0,7,1.0,45.0,39784,0,0
269,Sessegnon,Fulham,DEF,2,19,20,0,22,0,1,0,0,0,0.02,0.12,0.14,2.8,0,3,1.0,45.0,41879,959,3014
269,Sessegnon,Fulham,DEF,3,24,8,1,11,0,1,0,0,0,0.08,0.32,0.4,2.1,0,3,1.0,45.0,37980,887,4843
270,Reed,Fulham,MID,1,10,6,1,0,0,0,0,0,0,0.0,0.0,0.0,0.0,0,0,0.0,45.0,139875,0,0
270,Reed,Fulham,MID,2,19,20,0,0,0,0,0,0,0,0.0,0.0,0.0,0.0,0,0,0.0,45.0,141446,5582,14503
270,Reed,Fulham,MID,3,24,8,1,0,0,0,0,0,0,0.0,0.0,0.0,0.0,0,0,0.0,45.0,132811,8075,19076
271,Muniz,Fulham,FWD,1,10,6,1,8,0,1,0,0,0,0.02,0.0,0.02,2.5,0,6,1.0,55.0,52452,0,0
271,Muniz,Fulham,FWD,2,19,20,0,0,0,0,0,0,0,0.0,0.0,0.0,0.0,0,0,0.0,55.0,54718,2812,6890
271,Muniz,Fulham,FWD,3,24,8,1,7,0,1,0,0,0,0.38,0.0,0.38,4.0,0,5,0.0,55.0,49384,4409,11328
569,Gonzalo,Fulham,FWD,1,10,6,1,90,1,6,1,0,0,0.73,0.01,0.74,8.2,0,33,2.0,60.0,180799,0,0
569,Gonzalo,Fulham,FWD,2,19,20,0,90,1,2,0,0,0,0.27,0.01,0.28,3.2,0,2,4.0,60.0,399587,152218,17207
569,Gonzalo,Fulham,FWD,3,24,8,1,90,1,2,0,0,0,0.44,0.2,0.64,5.9,0,10,7.0,60.0,490355,128611,79185
266,Cairney,Fulham,MID,1,10,6,1,0,0,0,0,0,0,0.0,0.0,0.0,0.0,0,0,0.0,50.0,464,0,0
266,Cairney,Fulham,MID,2,19,20,0,0,0,0,0,0,0,0.0,0.0,0.0,0.0,0,0,0.0,50.0,379,12,115
266,Cairney,Fulham,MID,3,24,8,1,0,0,0,0,0,0,0.0,0.0,0.0,0.0,0,0,0.0,50.0,335,24,82
570,Palacios,Fulham,MID,1,10,6,1,72,1,2,0,0,0,0.16,0.01,0.17,1.8,0,10,4.0,55.0,18267,0,0
570,Palacios,Fulham,MID,2,19,20,0,75,1,1,0,0,0,0.02,0.0,0.02,0.7,0,6,9.0,55.0,20418,910,1784
570,Palacios,Fulham,MID,3,24,8,1,60,1,8,1,0,0,0.8,0.02,0.82,9.9,1,27,0.0,55.0,18435,1012,3356
264,Bobb,Fulham,MID,1,10,6,1,66,1,2,0,0,0,0.0,0.26,0.26,3.0,0,10,6.0,55.0,26829,0,0
264,Bobb,Fulham,MID,2,19,20,0,67,1,3,0,0,1,0.0,0.01,0.01,2.5,0,8,5.0,55.0,33606,4520,2997
264,Bobb,Fulham,MID,3,24,8,1,78,1,2,0,0,0,0.32,0.65,0.97,12.3,0,17,4.0,55.0,34364,4635,5995
580,Charles,Fulham,MID,1,10,6,1,23,0,1,0,0,0,0.0,0.0,0.0,0.5,0,5,3.0,50.0,8110,0,0
580,Charles,Fulham,MID,2,19,20,0,22,0,1,0,0,0,0.09,0.03,0.12,0.9,0,2,2.0,50.0,8645,359,808
580,Charles,Fulham,MID,3,24,8,1,78,1,2,0,0,0,0.0,0.09,0.09,5.6,0,18,11.0,50.0,7900,334,1244
610,De Fougerolles,Fulham,DEF,1,10,6,1,0,0,0,0,0,0,0.0,0.0,0.0,0.0,0,0,0.0,40.0,0,0,0
610,De Fougerolles,Fulham,DEF,2,19,20,0,0,0,0,0,0,0,0.0,0.0,0.0,0.0,0,0,0.0,40.0,7950,3051,474
610,De Fougerolles,Fulham,DEF,3,24,8,1,0,0,0,0,0,0,0.0,0.0,0.0,0.0,0,0,0.0,40.0,11771,2221,1839
635,Larsson,Fulham,MID,3,24,8,1,11,0,1,0,0,0,0.13,0.22,0.35,1.4,0,3,1.0,50.0,322,288,27
636,Ángel,Fulham,MID,3,24,8,1,0,0,0,0,0,0,0.0,0.0,0.0,0.0,0,0,0.0,50.0,151,120,14
272,Kusi-Asare,Fulham,FWD,1,10,6,1,0,0,0,0,0,0,0.0,0.0,0.0,0.0,0,0,0.0,45.0,669004,0,0
272,Kusi-Asare,Fulham,FWD,2,19,20,0,0,0,0,0,0,0,0.0,0.0,0.0,0.0,0,0,0.0,45.0,685336,23688,44277
272,Kusi-Asare,Fulham,FWD,3,24,8,1,0,0,0,0,0,0,0.0,0.0,0.0,0.0,0,0,0.0,45.0,689011,60586,71945
626,Zepa,Fulham,MID,2,19,20,0,0,0,0,0,0,0,0.0,0.0,0.0,0.0,0,0,0.0,45.0,0,0,0
626,Zepa,Fulham,MID,3,24,8,1,0,0,0,0,0,0,0.0,0.0,0.0,0.0,0,0,0.0,45.0,40392,22010,4831
279,Ajayi,Hull City,DEF,1,4,16,1,63,1,14,1,0,1,0.52,0.0,0.52,7.9,2,39,7.0,40.0,83256,0,0
279,Ajayi,Hull City,DEF,2,13,7,0,90,1,6,0,0,1,0.0,0.0,0.0,1.6,0,24,7.0,40.0,200860,79406,15593
279,Ajayi,Hull City,DEF,3,25,2,1,90,1,5,0,0,1,0.0,0.0,0.0,1.2,0,17,6.0,41.0,1055220,631920,69249
274,Butland,Hull City,GKP,1,4,16,1,0,0,0,0,0,0,0.0,0.0,0.0,0.0,0,0,0.0,45.0,11096,0,0
274,Butland,Hull City,GKP,2,13,7,0,0,0,0,0,0,0,0.0,0.0,0.0,0.0,0,0,0.0,45.0,9646,124,1738
274,Butland,Hull City,GKP,3,25,2,1,0,0,0,0,0,0,0.0,0.0,0.0,0.0,0,0,0.0,45.0,8463,166,1467
273,Phillips,Hull City,GKP,1,4,16,1,0,0,0,0,0,0,0.0,0.0,0.0,0.0,0,0,0.0,40.0,138196,0,0
273,Phillips,Hull City,GKP,2,13,7,0,0,0,0,0,0,0,0.0,0.0,0.0,0.0,0,0,0.0,40.0,150763,3115,7094
273,Phillips,Hull City,GKP,3,25,2,1,0,0,0,0,0,0,0.0,0.0,0.0,0.0,0,0,0.0,40.0,154754,9318,11240
240,Iroegbunam,Hull City,MID,1,3,8,1,0,0,0,0,0,0,0.0,0.0,0.0,0.0,0,0,0.0,50.0,1417,0,0
240,Iroegbunam,Hull City,MID,2,12,3,0,4,0,1,0,0,0,0.0,0.0,0.0,0.0,0,2,0.0,50.0,1093,21,348
240,Iroegbunam,Hull City,MID,3,25,2,1,0,0,0,0,0,0,0.0,0.0,0.0,0.0,0,0,0.0,50.0,1385,309,187
650,Affengruber,Fulham,DEF,3,24,8,1,0,0,0,0,0,0,0.0,0.0,0.0,0.0,0,0,0.0,45.0,317,204,27
280,Coyle,Hull City,DEF,1,4,16,1,69,1,6,0,0,1,0.0,0.01,0.01,1.7,0,23,2.0,40.0,59278,0,0
280,Coyle,Hull City,DEF,2,13,7,0,45,1,0,0,0,0,0.0,0.0,0.0,0.5,0,2,4.0,40.0,62770,2623,5081
280,Coyle,Hull City,DEF,3,25,2,1,63,1,6,0,0,1,0.0,0.01,0.01,0.6,0,19,0.0,40.0,54378,1532,10186
275,Cartwright,Hull City,GKP,1,4,16,1,0,0,0,0,0,0,0.0,0.0,0.0,0.0,0,0,0.0,40.0,1022,0,0
275,Cartwright,Hull City,GKP,2,13,7,0,0,0,0,0,0,0,0.0,0.0,0.0,0.0,0,0,0.0,40.0,909,0,111
275,Cartwright,Hull City,GKP,3,25,2,1,0,0,0,0,0,0,0.0,0.0,0.0,0.0,0,0,0.0,40.0,816,0,83
278,Hughes,Hull City,DEF,1,4,16,1,0,0,0,0,0,0,0.0,0.0,0.0,0.0,0,0,0.0,40.0,12660,0,0
278,Hughes,Hull City,DEF,2,13,7,0,0,0,0,0,0,0,0.0,0.0,0.0,0.0,0,0,0.0,40.0,10606,99,2320
278,Hughes,Hull City,DEF,3,25,2,1,0,0,0,0,0,0,0.0,0.0,0.0,0.0,0,0,0.0,40.0,9038,138,1820
284,McCarthy,Hull City,DEF,1,4,16,1,0,0,0,0,0,0,0.0,0.0,0.0,0.0,0,0,0.0,40.0,7616,0,0
284,McCarthy,Hull City,DEF,2,13,7,0,0,0,0,0,0,0,0.0,0.0,0.0,0.0,0,0,0.0,40.0,8232,675,959
284,McCarthy,Hull City,DEF,3,25,2,1,0,0,0,0,0,0,0.0,0.0,0.0,0.0,0,0,0.0,40.0,9409,1507,1212
277,Egan,Hull City,DEF,1,4,16,1,90,1,8,0,0,1,0.0,0.0,0.0,4.6,0,27,21.0,40.0,134746,0,0
277,Egan,Hull City,DEF,2,13,7,0,90,1,9,0,0,1,0.0,0.0,0.0,2.4,1,25,13.0,40.0,197783,42937,11207
277,Egan,Hull City,DEF,3,25,2,1,90,1,6,0,0,1,0.0,0.0,0.0,1.6,0,18,7.0,40.0,623541,335706,57666
287,Millar,Hull City,MID,1,4,16,1,19,0,0,0,0,0,0.0,0.0,0.0,0.4,0,2,3.0,50.0,6086,0,0
287,Millar,Hull City,MID,2,13,7,0,31,0,6,1,0,0,0.58,0.0,0.58,4.8,0,24,1.0,50.0,6233,305,987
287,Millar,Hull City,MID,3,25,2,1,0,0,0,0,0,0,0.0,0.0,0.0,0.0,0,0,0.0,50.0,6931,2873,2733
281,Drameh,Hull City,DEF,1,4,16,1,20,0,1,0,0,0,0.05,0.0,0.05,0.3,0,4,3.0,40.0,1668,0,0
281,Drameh,Hull City,DEF,2,13,7,0,45,0,1,0,0,0,0.0,0.0,0.0,0.5,0,4,3.0,40.0,7175,1108,413
281,Drameh,Hull City,DEF,3,25,2,1,0,0,0,0,0,0,0.0,0.0,0.0,0.0,0,0,0.0,40.0,6824,1010,1673
283,Jacob,Hull City,DEF,1,4,16,1,0,0,0,0,0,0,0.0,0.0,0.0,0.0,0,0,0.0,40.0,1251,0,0
283,Jacob,Hull City,DEF,2,13,7,0,0,0,0,0,0,0,0.0,0.0,0.0,0.0,0,0,0.0,40.0,1177,57,228
283,Jacob,Hull City,DEF,3,25,2,1,0,0,0,0,0,0,0.0,0.0,0.0,0.0,0,0,0.0,40.0,1068,57,210
292,Ömür,Hull City,MID,1,4,16,1,0,0,0,0,0,0,0.0,0.0,0.0,0.0,0,0,0.0,50.0,1546,0,0
292,Ömür,Hull City,MID,2,13,7,0,0,0,0,0,0,0,0.0,0.0,0.0,0.0,0,0,0.0,50.0,1668,209,387
292,Ömür,Hull City,MID,3,25,2,1,0,0,0,0,0,0,0.0,0.0,0.0,0.0,0,0,0.0,49.0,1697,323,454
276,Lo-Tutala,Hull City,GKP,1,4,16,1,0,0,0,0,0,0,0.0,0.0,0.0,0.0,0,0,0.0,40.0,3519,0,0
276,Lo-Tutala,Hull City,GKP,2,13,7,0,0,0,0,0,0,0,0.0,0.0,0.0,0.0,0,0,0.0,40.0,3116,0,383
276,Lo-Tutala,Hull City,GKP,3,25,2,1,0,0,0,0,0,0,0.0,0.0,0.0,0.0,0,0,0.0,40.0,2831,0,272
286,Belloumi,Hull City,MID,1,4,16,1,90,1,3,0,0,1,0.05,0.03,0.08,2.0,0,8,10.0,50.0,40446,0,0
286,Belloumi,Hull City,MID,2,13,7,0,82,1,6,0,1,1,0.12,0.02,0.14,4.6,0,23,10.0,50.0,63814,13890,4031
286,Belloumi,Hull City,MID,3,25,2,1,81,1,5,0,0,1,0.03,0.01,0.04,4.5,0,15,12.0,50.0,88726,26562,10439
285,McNair,Hull City,DEF,1,4,16,1,26,0,1,0,0,0,0.0,0.0,0.0,0.4,0,3,2.0,40.0,8697,0,0
285,McNair,Hull City,DEF,2,13,7,0,0,0,0,0,0,0,0.0,0.0,0.0,0.0,0,0,0.0,40.0,13083,646,690
285,McNair,Hull City,DEF,3,25,2,1,0,0,0,0,0,0,0.0,0.0,0.0,0.0,0,0,0.0,40.0,13231,1008,1499
282,Giles,Hull City,DEF,1,4,16,1,84,1,6,0,0,1,0.02,0.07,0.09,3.7,0,24,6.0,40.0,67208,0,0
282,Giles,Hull City,DEF,2,13,7,0,90,1,6,0,0,1,0.0,0.07,0.07,2.7,0,21,2.0,40.0,90479,12892,4191
282,Giles,Hull City,DEF,3,25,2,1,90,1,8,0,0,1,0.0,0.04,0.04,4.1,2,30,4.0,40.0,123114,26812,8343
289,Crooks,Hull City,MID,1,4,16,1,90,1,2,0,0,1,0.0,0.0,0.0,2.1,0,9,9.0,45.0,57929,0,0
289,Crooks,Hull City,MID,2,13,7,0,0,0,0,0,0,0,0.0,0.0,0.0,0.0,0,0,0.0,45.0,71261,10141,5690
289,Crooks,Hull City,MID,3,25,2,1,0,0,0,0,0,0,0.0,0.0,0.0,0.0,0,0,0.0,45.0,57596,2885,15250
291,Matazo,Hull City,MID,1,4,16,1,0,0,0,0,0,0,0.0,0.0,0.0,0.0,0,0,0.0,45.0,600,0,0
291,Matazo,Hull City,MID,2,13,7,0,0,0,0,0,0,0,0.0,0.0,0.0,0.0,0,0,0.0,45.0,625,64,96
291,Matazo,Hull City,MID,3,25,2,1,0,0,0,0,0,0,0.0,0.0,0.0,0.0,0,0,0.0,45.0,637,103,136
288,Dowell,Hull City,MID,1,4,16,1,0,0,0,0,0,0,0.0,0.0,0.0,0.0,0,0,0.0,45.0,35457,0,0
288,Dowell,Hull City,MID,2,13,7,0,0,0,0,0,0,0,0.0,0.0,0.0,0.0,0,0,0.0,45.0,35966,1716,4258
288,Dowell,Hull City,MID,3,25,2,1,0,0,0,0,0,0,0.0,0.0,0.0,0.0,0,0,0.0,45.0,37923,5767,5932
290,Slater,Hull City,MID,1,4,16,1,90,1,6,0,1,1,0.0,0.44,0.44,3.8,0,20,3.0,45.0,272889,0,0
290,Slater,Hull City,MID,2,13,7,0,90,1,2,0,0,1,0.0,0.01,0.01,1.5,0,6,10.0,45.0,391444,92371,22374
290,Slater,Hull City,MID,3,25,2,1,90,1,3,0,0,1,0.04,0.01,0.05,3.1,0,10,6.0,45.0,523606,157568,66242
293,Kamara,Hull City,MID,1,4,16,1,0,0,0,0,0,0,0.0,0.0,0.0,0.0,0,0,0.0,50.0,555,0,0
293,Kamara,Hull City,MID,2,13,7,0,0,0,0,0,0,0,0.0,0.0,0.0,0.0,0,0,0.0,50.0,353,0,197
293,Kamara,Hull City,MID,3,25,2,1,0,0,0,0,0,0,0.0,0.0,0.0,0.0,0,0,0.0,50.0,258,0,96
295,McBurnie,Hull City,FWD,1,4,16,1,90,1,5,0,1,1,0.16,0.01,0.17,9.0,0,21,5.0,55.0,113765,0,0
295,McBurnie,Hull City,FWD,2,13,7,0,90,1,1,0,0,1,0.0,0.01,0.01,2.2,0,7,4.0,55.0,219548,82641,15941
295,McBurnie,Hull City,FWD,3,25,2,1,90,1,2,0,0,1,0.38,0.05,0.43,2.9,0,2,3.0,55.0,211366,40632,50000
296,Akintola,Hull City,MID,1,4,16,1,0,0,0,0,0,0,0.0,0.0,0.0,0.0,0,0,0.0,50.0,3400,0,0
296,Akintola,Hull City,MID,2,13,7,0,0,0,0,0,0,0,0.0,0.0,0.0,0.0,0,0,0.0,50.0,4113,914,940
296,Akintola,Hull City,MID,3,25,2,1,0,0,0,0,0,0,0.0,0.0,0.0,0.0,0,0,0.0,50.0,4439,1268,1335
294,Zambrano,Hull City,MID,1,4,16,1,0,0,0,0,0,0,0.0,0.0,0.0,0.0,0,0,0.0,45.0,10995,0,0
294,Zambrano,Hull City,MID,2,13,7,0,0,0,0,0,0,0,0.0,0.0,0.0,0.0,0,0,0.0,45.0,10090,491,2149
294,Zambrano,Hull City,MID,3,25,2,1,0,0,0,0,0,0,0.0,0.0,0.0,0.0,0,0,0.0,45.0,9216,645,1908
298,Destan,Hull City,FWD,1,4,16,1,0,0,0,0,0,0,0.0,0.0,0.0,0.0,0,0,0.0,45.0,40958,0,0
298,Destan,Hull City,FWD,2,13,7,0,0,0,0,0,0,0,0.0,0.0,0.0,0.0,0,0,0.0,45.0,31698,0,8866
298,Destan,Hull City,FWD,3,25,2,1,0,0,0,0,0,0,0.0,0.0,0.0,0.0,0,0,0.0,45.0,26020,0,5574
297,Gyabi,Hull City,MID,1,4,16,1,0,0,0,0,0,0,0.0,0.0,0.0,0.0,0,0,0.0,45.0,2774,0,0
297,Gyabi,Hull City,MID,2,13,7,0,0,0,0,0,0,0,0.0,0.0,0.0,0.0,0,0,0.0,45.0,2377,64,526
297,Gyabi,Hull City,MID,3,25,2,1,0,0,0,0,0,0,0.0,0.0,0.0,0.0,0,0,0.0,45.0,2158,141,443
299,Burstow,Hull City,FWD,1,4,16,1,0,0,0,0,0,0,0.0,0.0,0.0,0.0,0,0,0.0,45.0,6401,0,0
299,Burstow,Hull City,FWD,2,13,7,0,0,0,0,0,0,0,0.0,0.0,0.0,0.0,0,0,0.0,45.0,5122,0,1210
299,Burstow,Hull City,FWD,3,25,2,1,0,0,0,0,0,0,0.0,0.0,0.0,0.0,0,0,0.0,45.0,4321,0,778
572,Tzolakis,Hull City,GKP,1,4,16,1,90,1,10,0,0,1,0.0,0.0,0.0,3.5,3,41,0.0,45.0,48305,0,0
572,Tzolakis,Hull City,GKP,2,13,7,0,90,1,10,0,0,1,0.0,0.0,0.0,2.6,3,32,0.0,45.0,301344,101970,12415
572,Tzolakis,Hull City,GKP,3,25,2,1,90,1,6,0,0,1,0.0,0.0,0.0,1.2,0,25,0.0,46.0,857252,367782,60873
563,Morita,Hull City,MID,1,4,16,1,0,0,0,0,0,0,0.0,0.0,0.0,0.0,0,0,0.0,50.0,2175,0,0
563,Morita,Hull City,MID,2,13,7,0,45,1,1,0,0,0,0.0,0.0,0.0,2.4,0,6,3.0,50.0,2129,118,328
563,Morita,Hull City,MID,3,25,2,1,0,0,0,0,0,0,0.0,0.0,0.0,0.0,0,0,0.0,50.0,2482,421,317
574,Hjertø-Dahl,Hull City,MID,1,4,16,1,0,0,0,0,0,0,0.0,0.0,0.0,0.0,0,0,0.0,50.0,7500,0,0
574,Hjertø-Dahl,Hull City,MID,2,13,7,0,0,0,0,0,0,0,0.0,0.0,0.0,0.0,0,0,0.0,50.0,7716,307,969
574,Hjertø-Dahl,Hull City,MID,3,25,2,1,8,0,1,0,0,0,0.0,0.0,0.0,0.0,0,4,1.0,50.0,6691,321,1460
585,Herrington,Hull City,DEF,1,4,16,1,26,0,1,0,0,0,0.0,0.0,0.0,0.8,0,4,4.0,40.0,53978,0,0
585,Herrington,Hull City,DEF,2,13,7,0,31,0,1,0,0,0,0.0,0.0,0.0,0.3,0,3,1.0,40.0,63919,2771,3602
585,Herrington,Hull City,DEF,3,25,2,1,19,0,1,0,0,0,0.0,0.0,0.0,0.7,0,2,2.0,40.0,64658,3434,5099
576,Stroud,Hull City,MID,1,4,16,1,70,1,3,0,0,1,0.0,0.03,0.03,1.3,0,11,6.0,50.0,6733,0,0
576,Stroud,Hull City,MID,2,13,7,0,58,1,0,0,0,0,0.01,0.01,0.02,0.9,0,-2,7.0,50.0,9465,1430,597
576,Stroud,Hull City,MID,3,25,2,1,62,1,3,0,0,1,0.04,0.01,0.05,1.4,0,5,2.0,50.0,8900,770,1686
586,Mendy,Hull City,DEF,1,4,16,1,63,1,15,1,0,1,0.28,0.0,0.28,8.5,1,35,13.0,40.0,92688,0,0
586,Mendy,Hull City,DEF,2,13,7,0,58,1,1,0,0,0,0.01,0.0,0.01,3.5,0,9,9.0,40.0,418634,179580,19460
586,Mendy,Hull City,DEF,3,25,2,1,70,1,8,0,0,1,0.03,0.0,0.03,3.1,0,22,10.0,40.0,619201,166798,68763
617,Cho,Hull City,MID,2,13,7,0,7,0,1,0,0,0,0.0,0.0,0.0,0.1,0,3,0.0,50.0,49,25,2
617,Cho,Hull City,MID,3,25,2,1,8,0,1,0,0,0,0.05,0.0,0.05,2.0,0,5,0.0,50.0,871,671,189
589,Gourna-Douath,Hull City,MID,1,4,16,1,0,0,0,0,0,0,0.0,0.0,0.0,0.0,0,0,0.0,50.0,2352,0,0
589,Gourna-Douath,Hull City,MID,2,13,7,0,45,0,1,0,0,0,0.0,0.01,0.01,1.4,0,6,6.0,50.0,2781,135,313
589,Gourna-Douath,Hull City,MID,3,25,2,1,81,1,2,0,0,1,0.0,0.01,0.01,3.5,0,7,10.0,50.0,2738,213,347
556,Targett,Hull City,DEF,1,4,16,1,5,0,1,0,0,0,0.0,0.0,0.0,0.0,0,3,0.0,40.0,218902,0,0
556,Targett,Hull City,DEF,2,13,7,0,0,0,0,0,0,0,0.0,0.0,0.0,0.0,0,0,0.0,40.0,224749,5393,15441
556,Targett,Hull City,DEF,3,25,2,1,0,0,0,0,0,0,0.0,0.0,0.0,0.0,0,0,0.0,40.0,218007,10419,23113
632,Ansah,Hull City,FWD,3,25,2,1,0,0,0,0,0,0,0.0,0.0,0.0,0.0,0,0,0.0,50.0,2839,2222,210
340,Gelhardt,Hull City,MID,1,4,16,1,0,0,0,0,0,0,0.0,0.0,0.0,0.0,0,0,0.0,50.0,1365,0,0
340,Gelhardt,Hull City,MID,2,13,7,0,0,0,0,0,0,0,0.0,0.0,0.0,0.0,0,0,0.0,50.0,1160,45,288
340,Gelhardt,Hull City,MID,3,25,2,1,0,0,0,0,0,0,0.0,0.0,0.0,0.0,0,0,0.0,50.0,1068,99,223
259,Diop,Ipswich Town,DEF,1,5,20,1,90,1,2,0,0,0,0.0,0.01,0.01,1.0,0,7,5.0,40.0,1668644,0,0
259,Diop,Ipswich Town,DEF,2,18,16,0,90,1,2,0,0,0,0.0,0.0,0.0,4.1,0,7,12.0,40.0,1683238,26513,70924
259,Diop,Ipswich Town,DEF,3,21,14,1,90,1,3,0,0,0,0.0,0.01,0.01,3.8,0,10,11.0,40.0,1603991,43514,125150
637,Vaz,Hull City,FWD,3,25,2,1,0,0,0,0,0,0,0.0,0.0,0.0,0.0,0,0,0.0,50.0,2077,1607,202
645,Mouzakitis,Hull City,MID,3,25,2,1,0,0,0,0,0,0,0.0,0.0,0.0,0.0,0,0,0.0,50.0,288,210,24
642,Thomas,Hull City,MID,3,25,2,1,27,0,1,0,0,0,0.0,0.04,0.04,1.4,0,5,1.0,55.0,569,446,58
638,Norton-Cuffy,Hull City,DEF,3,25,2,1,26,0,1,0,0,0,0.0,0.0,0.0,0.5,0,3,1.0,40.0,17629,6454,773
267,Lukić,Ipswich Town,MID,1,5,20,1,90,1,5,0,1,0,0.0,0.02,0.02,4.0,0,22,6.0,50.0,10816,0,0
267,Lukić,Ipswich Town,MID,2,18,16,0,72,1,1,0,0,0,0.02,0.02,0.04,3.1,0,11,11.0,50.0,12592,1178,1345
267,Lukić,Ipswich Town,MID,3,21,14,1,90,1,2,0,0,0,0.0,0.02,0.02,2.5,0,13,4.0,50.0,11933,809,1806
300,Walton,Ipswich Town,GKP,1,5,20,1,0,0,0,0,0,0,0.0,0.0,0.0,0.0,0,0,0.0,45.0,47085,0,0
300,Walton,Ipswich Town,GKP,2,18,16,0,0,0,0,0,0,0,0.0,0.0,0.0,0.0,0,0,0.0,45.0,48759,209,4572
300,Walton,Ipswich Town,GKP,3,21,14,1,0,0,0,0,0,0,0.0,0.0,0.0,0.0,0,0,0.0,45.0,44862,350,4464
305,Davis,Ipswich Town,DEF,1,5,20,1,90,1,2,0,0,0,0.0,0.01,0.01,1.8,0,10,7.0,40.0,479363,0,0
305,Davis,Ipswich Town,DEF,2,18,16,0,90,1,6,1,0,0,0.54,0.12,0.66,11.2,0,1,4.0,40.0,482824,7322,21290
305,Davis,Ipswich Town,DEF,3,21,14,1,90,1,1,0,0,0,0.11,0.12,0.23,5.8,0,4,6.0,40.0,540194,62873,39956
303,Kipré,Ipswich Town,DEF,1,5,20,1,0,0,0,0,0,0,0.0,0.0,0.0,0.0,0,0,0.0,40.0,57775,0,0
303,Kipré,Ipswich Town,DEF,2,18,16,0,0,0,0,0,0,0,0.0,0.0,0.0,0.0,0,0,0.0,40.0,60443,332,4947
303,Kipré,Ipswich Town,DEF,3,21,14,1,0,0,0,0,0,0,0.0,0.0,0.0,0.0,0,0,0.0,40.0,56159,632,5424
307,Johnson,Ipswich Town,DEF,1,5,20,1,0,0,0,0,0,0,0.0,0.0,0.0,0.0,0,0,0.0,40.0,10016,0,0
307,Johnson,Ipswich Town,DEF,2,18,16,0,0,0,0,0,0,0,0.0,0.0,0.0,0.0,0,0,0.0,40.0,10501,427,1022
307,Johnson,Ipswich Town,DEF,3,21,14,1,0,0,0,0,0,0,0.0,0.0,0.0,0.0,0,0,0.0,40.0,10397,710,1368
306,Greaves,Ipswich Town,DEF,1,5,20,1,90,1,2,0,0,0,0.0,0.0,0.0,1.8,0,12,7.0,40.0,134129,0,0
306,Greaves,Ipswich Town,DEF,2,18,16,0,90,1,-1,0,0,0,0.0,0.01,0.01,2.0,0,-13,10.0,40.0,141835,1636,6111
306,Greaves,Ipswich Town,DEF,3,21,14,1,90,1,1,0,0,0,0.0,0.04,0.04,3.1,0,6,7.0,40.0,134162,2678,11273
310,Matusiwa,Ipswich Town,MID,1,5,20,1,0,0,0,0,0,0,0.0,0.0,0.0,0.0,0,0,0.0,50.0,430,0,0
310,Matusiwa,Ipswich Town,MID,2,18,16,0,0,0,0,0,0,0,0.0,0.0,0.0,0.0,0,0,0.0,50.0,328,8,112
310,Matusiwa,Ipswich Town,MID,3,21,14,1,0,0,0,0,0,0,0.0,0.0,0.0,0.0,0,0,0.0,50.0,278,12,67
301,Palmer,Ipswich Town,GKP,1,5,20,1,0,0,0,0,0,0,0.0,0.0,0.0,0.0,0,0,0.0,40.0,426453,0,0
301,Palmer,Ipswich Town,GKP,2,18,16,0,0,0,0,0,0,0,0.0,0.0,0.0,0.0,0,0,0.0,40.0,442454,7686,17348
301,Palmer,Ipswich Town,GKP,3,21,14,1,0,0,0,0,0,0,0.0,0.0,0.0,0.0,0,0,0.0,40.0,452044,29680,30867
313,Clarke,Ipswich Town,MID,1,5,20,1,19,0,7,1,0,0,0.1,0.0,0.1,5.2,1,27,2.0,55.0,24135,0,0
313,Clarke,Ipswich Town,MID,2,18,16,0,0,0,0,0,0,0,0.0,0.0,0.0,0.0,0,0,0.0,55.0,29170,3202,2443
313,Clarke,Ipswich Town,MID,3,21,14,1,24,0,1,0,0,0,0.05,0.02,0.07,1.9,0,3,2.0,55.0,24744,1167,5726
302,Button,Ipswich Town,GKP,1,5,20,1,0,0,0,0,0,0,0.0,0.0,0.0,0.0,0,0,0.0,40.0,40566,0,0
302,Button,Ipswich Town,GKP,2,18,16,0,0,0,0,0,0,0,0.0,0.0,0.0,0.0,0,0,0.0,40.0,44640,1959,1819
302,Button,Ipswich Town,GKP,3,21,14,1,0,0,0,0,0,0,0.0,0.0,0.0,0.0,0,0,0.0,40.0,51311,7597,3881
311,Burns,Ipswich Town,MID,1,5,20,1,0,0,0,0,0,0,0.0,0.0,0.0,0.0,0,0,0.0,50.0,562,0,0
311,Burns,Ipswich Town,MID,2,18,16,0,0,0,0,0,0,0,0.0,0.0,0.0,0.0,0,0,0.0,50.0,366,0,191
311,Burns,Ipswich Town,MID,3,21,14,1,0,0,0,0,0,0,0.0,0.0,0.0,0.0,0,0,0.0,50.0,278,0,88
304,O'Shea,Ipswich Town,DEF,1,5,20,1,90,1,4,0,0,0,0.0,0.16,0.16,7.5,0,16,18.0,40.0,313565,0,0
304,O'Shea,Ipswich Town,DEF,2,18,16,0,90,1,0,0,0,0,0.07,0.01,0.08,0.9,0,-14,1.0,40.0,338381,15639,13984
304,O'Shea,Ipswich Town,DEF,3,21,14,1,90,1,3,0,0,0,0.0,0.01,0.01,3.2,0,5,11.0,40.0,330000,22172,37193
314,Ogbene,Ipswich Town,MID,1,5,20,1,0,0,0,0,0,0,0.0,0.0,0.0,0.0,0,0,0.0,50.0,1539,0,0
314,Ogbene,Ipswich Town,MID,2,18,16,0,0,0,0,0,0,0,0.0,0.0,0.0,0.0,0,0,0.0,50.0,1468,37,243
314,Ogbene,Ipswich Town,MID,3,21,14,1,0,0,0,0,0,0,0.0,0.0,0.0,0.0,0,0,0.0,49.0,1159,67,418
308,Furlong,Ipswich Town,DEF,1,5,20,1,0,0,0,0,0,0,0.0,0.0,0.0,0.0,0,0,0.0,40.0,56130,0,0
308,Furlong,Ipswich Town,DEF,2,18,16,0,17,0,1,0,0,0,0.0,0.0,0.0,0.6,0,-1,3.0,40.0,59266,269,4416
308,Furlong,Ipswich Town,DEF,3,21,14,1,0,0,0,0,0,0,0.0,0.0,0.0,0.0,0,0,0.0,40.0,55806,612,4548
312,Taylor,Ipswich Town,MID,1,5,20,1,0,0,0,0,0,0,0.0,0.0,0.0,0.0,0,0,0.0,45.0,4505,0,0
312,Taylor,Ipswich Town,MID,2,18,16,0,0,0,0,0,0,0,0.0,0.0,0.0,0.0,0,0,0.0,45.0,3887,111,883
312,Taylor,Ipswich Town,MID,3,21,14,1,0,0,0,0,0,0,0.0,0.0,0.0,0.0,0,0,0.0,45.0,3500,190,695
318,Philogene,Ipswich Town,MID,1,5,20,1,0,0,0,0,0,0,0.0,0.0,0.0,0.0,0,0,0.0,55.0,14821,0,0
318,Philogene,Ipswich Town,MID,2,18,16,0,0,0,0,0,0,0,0.0,0.0,0.0,0.0,0,0,0.0,55.0,12592,106,3928
318,Philogene,Ipswich Town,MID,3,21,14,1,0,0,0,0,0,0,0.0,0.0,0.0,0.0,0,0,0.0,54.0,9209,41,3450
315,Fatawu,Ipswich Town,MID,1,5,20,1,65,1,2,0,0,0,0.0,0.41,0.41,5.5,0,22,7.0,55.0,21235,0,0
315,Fatawu,Ipswich Town,MID,2,18,16,0,82,1,4,0,1,0,0.0,0.22,0.22,7.1,0,25,4.0,55.0,21573,570,2768
315,Fatawu,Ipswich Town,MID,3,21,14,1,78,1,2,0,0,0,0.03,0.15,0.18,4.7,0,14,6.0,55.0,21660,2126,2975
309,Núñez,Ipswich Town,MID,1,5,20,1,79,1,4,0,0,0,0.03,0.03,0.06,2.4,0,26,12.0,50.0,11544,0,0
309,Núñez,Ipswich Town,MID,2,18,16,0,61,1,2,0,0,0,0.0,0.02,0.02,2.6,0,6,9.0,50.0,14039,1197,1393
309,Núñez,Ipswich Town,MID,3,21,14,1,0,0,0,0,0,0,0.0,0.0,0.0,0.0,0,0,0.0,50.0,13914,1106,1985
320,Akpom,Ipswich Town,FWD,1,5,20,1,24,0,1,0,0,0,0.0,0.0,0.0,0.3,0,3,3.0,50.0,47871,0,0
320,Akpom,Ipswich Town,FWD,2,18,16,0,45,0,5,1,0,0,0.97,0.0,0.97,5.2,0,30,0.0,50.0,52422,4625,6250
320,Akpom,Ipswich Town,FWD,3,21,14,1,0,0,0,0,0,0,0.0,0.0,0.0,0.0,0,0,0.0,50.0,114005,62654,17220
319,Szmodics,Ipswich Town,MID,1,5,20,1,0,0,0,0,0,0,0.0,0.0,0.0,0.0,0,0,0.0,50.0,1030,0,0
319,Szmodics,Ipswich Town,MID,2,18,16,0,0,0,0,0,0,0,0.0,0.0,0.0,0.0,0,0,0.0,50.0,615,0,409
319,Szmodics,Ipswich Town,MID,3,21,14,1,0,0,0,0,0,0,0.0,0.0,0.0,0.0,0,0,0.0,50.0,427,0,191
317,Hirst,Ipswich Town,FWD,1,5,20,1,0,0,0,0,0,0,0.0,0.0,0.0,0.0,0,0,0.0,50.0,25160,0,0
317,Hirst,Ipswich Town,FWD,2,18,16,0,0,0,0,0,0,0,0.0,0.0,0.0,0.0,0,0,0.0,50.0,16241,0,8695
317,Hirst,Ipswich Town,FWD,3,21,14,1,0,0,0,0,0,0,0.0,0.0,0.0,0.0,0,0,0.0,50.0,11907,0,4365
323,McAteer,Ipswich Town,MID,1,5,20,1,24,0,1,0,0,0,0.0,0.0,0.0,0.3,0,4,3.0,45.0,130440,0,0
323,McAteer,Ipswich Town,MID,2,18,16,0,7,0,1,0,0,0,0.0,0.0,0.0,0.0,0,3,1.0,45.0,133761,5615,11565
323,McAteer,Ipswich Town,MID,3,21,14,1,11,0,1,0,0,0,0.05,0.0,0.05,1.1,0,5,1.0,45.0,133131,11626,15966
316,Emersonn,Ipswich Town,FWD,1,5,20,1,65,1,9,1,0,0,0.82,0.06,0.88,11.2,3,41,3.0,55.0,33590,0,0
316,Emersonn,Ipswich Town,FWD,2,18,16,0,45,1,1,0,0,0,0.0,0.0,0.0,1.4,0,7,1.0,55.0,182058,76807,16810
316,Emersonn,Ipswich Town,FWD,3,21,14,1,65,1,2,0,0,0,0.22,0.0,0.22,1.1,0,8,3.0,55.0,167319,20740,51244
321,Walle Egeli,Ipswich Town,FWD,1,5,20,1,10,0,1,0,0,0,0.0,0.0,0.0,0.0,0,3,0.0,45.0,199675,0,0
321,Walle Egeli,Ipswich Town,FWD,2,18,16,0,0,0,0,0,0,0,0.0,0.0,0.0,0.0,0,0,0.0,45.0,247770,40712,23441
321,Walle Egeli,Ipswich Town,FWD,3,21,14,1,0,0,0,0,0,0,0.0,0.0,0.0,0.0,0,0,0.0,45.0,367243,127698,54154
322,Al-Hamadi,Ipswich Town,FWD,1,5,20,1,0,0,0,0,0,0,0.0,0.0,0.0,0.0,0,0,0.0,50.0,13332,0,0
322,Al-Hamadi,Ipswich Town,FWD,2,18,16,0,0,0,0,0,0,0,0.0,0.0,0.0,0.0,0,0,0.0,50.0,12213,755,3002
322,Al-Hamadi,Ipswich Town,FWD,3,21,14,1,0,0,0,0,0,0,0.0,0.0,0.0,0.0,0,0,0.0,50.0,8170,0,3877
562,Maeda,Ipswich Town,MID,1,5,20,1,79,1,2,0,0,0,0.61,0.0,0.61,2.1,0,7,9.0,55.0,37656,0,0
562,Maeda,Ipswich Town,MID,2,18,16,0,72,1,2,0,0,0,0.06,0.01,0.07,2.8,0,10,5.0,55.0,37115,740,4042
562,Maeda,Ipswich Town,MID,3,21,14,1,65,1,2,0,0,0,0.04,0.0,0.04,2.5,0,9,5.0,55.0,32352,903,5839
324,Mehmeti,Ipswich Town,MID,1,5,20,1,0,0,0,0,0,0,0.0,0.0,0.0,0.0,0,0,0.0,50.0,4850,0,0
324,Mehmeti,Ipswich Town,MID,2,18,16,0,0,0,0,0,0,0,0.0,0.0,0.0,0.0,0,0,0.0,50.0,4692,47,686
324,Mehmeti,Ipswich Town,MID,3,21,14,1,0,0,0,0,0,0,0.0,0.0,0.0,0.0,0,0,0.0,49.0,4120,109,757
602,Humphreys,Ipswich Town,MID,1,5,20,1,0,0,0,0,0,0,0.0,0.0,0.0,0.0,0,0,0.0,45.0,0,0,0
602,Humphreys,Ipswich Town,MID,2,18,16,0,0,0,0,0,0,0,0.0,0.0,0.0,0.0,0,0,0.0,45.0,3086,1275,333
602,Humphreys,Ipswich Town,MID,3,21,14,1,0,0,0,0,0,0,0.0,0.0,0.0,0.0,0,0,0.0,45.0,4148,1586,1204
619,Palacios,Ipswich Town,MID,2,18,16,0,28,0,1,0,0,0,0.0,0.01,0.01,2.1,0,11,6.0,50.0,127,89,5
619,Palacios,Ipswich Town,MID,3,21,14,1,77,1,4,0,0,0,0.0,0.02,0.02,4.3,0,24,19.0,50.0,1551,1326,347
554,Van Oevelen,Ipswich Town,GKP,1,5,20,1,0,0,0,0,0,0,0.0,0.0,0.0,0.0,0,0,0.0,45.0,3509,0,0
554,Van Oevelen,Ipswich Town,GKP,2,18,16,0,0,0,0,0,0,0,0.0,0.0,0.0,0.0,0,0,0.0,45.0,3085,54,637
554,Van Oevelen,Ipswich Town,GKP,3,21,14,1,0,0,0,0,0,0,0.0,0.0,0.0,0.0,0,0,0.0,45.0,2365,0,698
571,Florentino,Ipswich Town,MID,1,5,20,1,0,0,0,0,0,0,0.0,0.0,0.0,0.0,0,0,0.0,50.0,12850,0,0
571,Florentino,Ipswich Town,MID,2,18,16,0,0,0,0,0,0,0,0.0,0.0,0.0,0.0,0,0,0.0,50.0,11870,214,2207
571,Florentino,Ipswich Town,MID,3,21,14,1,0,0,0,0,0,0,0.0,0.0,0.0,0.0,0,0,0.0,49.0,9821,223,2351
564,Scherpen,Ipswich Town,GKP,1,5,20,1,90,1,2,0,0,0,0.0,0.0,0.0,1.4,0,12,0.0,45.0,57252,0,0
564,Scherpen,Ipswich Town,GKP,2,18,16,0,90,1,2,0,0,0,0.0,0.01,0.01,4.6,0,9,0.0,45.0,62701,1329,3576
564,Scherpen,Ipswich Town,GKP,3,21,14,1,90,1,2,0,0,0,0.0,0.0,0.0,2.8,0,13,0.0,45.0,58738,4399,7157
591,Enciso,Ipswich Town,MID,1,5,20,1,70,1,5,0,1,0,0.23,0.31,0.54,5.4,0,24,8.0,55.0,24595,0,0
591,Enciso,Ipswich Town,MID,2,18,16,0,90,1,5,0,1,0,0.4,0.31,0.71,5.5,0,25,8.0,55.0,48266,17669,4454
591,Enciso,Ipswich Town,MID,3,21,14,1,90,1,1,0,0,0,0.24,0.02,0.26,5.6,0,16,5.0,55.0,82553,35897,10811
592,Ouattara,Ipswich Town,DEF,1,5,20,1,10,0,1,0,0,0,0.0,0.0,0.0,1.5,0,4,2.0,40.0,86218,0,0
592,Ouattara,Ipswich Town,DEF,2,18,16,0,17,0,1,0,0,0,0.0,0.0,0.0,0.1,0,-1,0.0,40.0,99458,2769,5866
592,Ouattara,Ipswich Town,DEF,3,21,14,1,12,0,1,0,0,0,0.0,0.02,0.02,1.8,0,4,0.0,40.0,100578,4401,7161
330,Bogle,Leeds,DEF,1,6,18,0,90,1,6,0,0,1,0.0,0.0,0.0,0.8,0,24,3.0,45.0,45674,0,0
330,Bogle,Leeds,DEF,2,17,4,1,67,1,2,0,0,0,0.0,0.01,0.01,3.4,0,9,7.0,45.0,54809,5925,3124
330,Bogle,Leeds,DEF,3,23,5,0,60,1,14,1,0,1,0.9,0.02,0.92,7.0,3,30,2.0,45.0,54984,5089,5521
640,Flemming,Ipswich Town,FWD,3,21,14,1,24,0,1,0,0,0,0.02,0.01,0.03,1.1,0,4,0.0,55.0,1904,1761,233
327,Bijol,Leeds,DEF,1,6,18,0,90,1,10,0,0,1,0.11,0.0,0.11,3.9,2,28,12.0,50.0,27043,0,0
327,Bijol,Leeds,DEF,2,17,4,1,45,1,1,0,0,0,0.0,0.0,0.0,0.9,0,0,5.0,50.0,96315,45219,8184
327,Bijol,Leeds,DEF,3,23,5,0,29,0,1,0,0,0,0.0,0.0,0.0,0.6,0,1,4.0,50.0,95603,14908,17527
260,Wilson,Leeds,MID,1,6,18,0,65,1,3,0,0,1,0.0,0.02,0.02,2.6,0,8,2.0,65.0,577649,0,0
260,Wilson,Leeds,MID,2,17,4,1,45,0,1,0,0,0,0.01,0.04,0.05,2.7,0,7,6.0,65.0,557212,14929,57768
260,Wilson,Leeds,MID,3,23,5,0,17,0,0,0,0,0,0.0,0.0,0.0,2.4,0,0,1.0,64.0,401861,7327,155605
326,Perri,Leeds,GKP,1,6,18,0,0,0,0,0,0,0,0.0,0.0,0.0,0.0,0,0,0.0,45.0,52897,0,0
326,Perri,Leeds,GKP,2,17,4,1,0,0,0,0,0,0,0.0,0.0,0.0,0.0,0,0,0.0,45.0,54468,328,5359
326,Perri,Leeds,GKP,3,23,5,0,0,0,0,0,0,0,0.0,0.0,0.0,0.0,0,0,0.0,45.0,45033,204,9457
329,Rodon,Leeds,DEF,1,6,18,0,90,1,6,0,0,1,0.03,0.06,0.09,3.4,0,21,7.0,45.0,330772,0,0
329,Rodon,Leeds,DEF,2,17,4,1,33,1,1,0,0,0,0.0,0.0,0.0,1.1,0,4,4.0,45.0,358288,21600,12574
329,Rodon,Leeds,DEF,3,23,5,0,0,0,0,0,0,0,0.0,0.0,0.0,0.0,0,0,0.0,45.0,220934,5070,127627
331,Gudmundsson,Leeds,DEF,1,6,18,0,0,0,0,0,0,0,0.0,0.0,0.0,0.0,0,0,0.0,45.0,5099,0,0
331,Gudmundsson,Leeds,DEF,2,17,4,1,0,0,0,0,0,0,0.0,0.0,0.0,0.0,0,0,0.0,45.0,4329,66,992
331,Gudmundsson,Leeds,DEF,3,23,5,0,90,1,2,0,0,0,0.0,0.0,0.0,1.6,0,9,5.0,45.0,4932,644,391
335,Stach,Leeds,MID,1,6,18,0,90,1,13,1,0,1,0.1,0.05,0.15,6.6,3,37,16.0,60.0,80326,0,0
335,Stach,Leeds,MID,2,17,4,1,90,1,4,0,0,0,0.07,0.01,0.08,4.6,0,13,16.0,60.0,255319,81344,13679
335,Stach,Leeds,MID,3,23,5,0,90,1,2,0,0,0,0.32,0.1,0.42,5.1,0,7,6.0,60.0,303711,62176,49557
332,Justin,Leeds,DEF,1,6,18,0,90,1,10,0,0,1,0.0,0.01,0.01,2.9,2,28,12.0,45.0,52732,0,0
332,Justin,Leeds,DEF,2,17,4,1,90,1,2,0,0,0,0.03,0.01,0.04,4.5,0,12,8.0,45.0,121554,43534,9391
332,Justin,Leeds,DEF,3,23,5,0,90,1,4,0,0,0,0.14,0.0,0.14,3.9,0,9,10.0,45.0,150950,35632,21428
333,Bornauw,Leeds,DEF,1,6,18,0,0,0,0,0,0,0,0.0,0.0,0.0,0.0,0,0,0.0,45.0,512,0,0
333,Bornauw,Leeds,DEF,2,17,4,1,0,0,0,0,0,0,0.0,0.0,0.0,0.0,0,0,0.0,45.0,335,0,170
333,Bornauw,Leeds,DEF,3,23,5,0,0,0,0,0,0,0,0.0,0.0,0.0,0.0,0,0,0.0,45.0,276,0,63
334,Muharemović,Leeds,DEF,1,6,18,0,90,1,6,0,0,1,0.09,0.0,0.09,3.3,0,25,7.0,50.0,306283,0,0
334,Muharemović,Leeds,DEF,2,17,4,1,90,1,4,0,0,0,0.0,0.01,0.01,5.4,0,17,19.0,50.0,336009,21539,11842
334,Muharemović,Leeds,DEF,3,23,5,0,90,1,4,0,0,0,0.0,0.01,0.01,3.2,0,10,13.0,50.0,326555,40504,42593
349,Mateo Joseph,Leeds,FWD,1,6,18,0,0,0,0,0,0,0,0.0,0.0,0.0,0.0,0,0,0.0,45.0,5936,0,0
349,Mateo Joseph,Leeds,FWD,2,17,4,1,0,0,0,0,0,0,0.0,0.0,0.0,0.0,0,0,0.0,45.0,5489,325,1051
349,Mateo Joseph,Leeds,FWD,3,23,5,0,0,0,0,0,0,0,0.0,0.0,0.0,0.0,0,0,0.0,45.0,5679,947,1082
336,Okafor,Leeds,MID,1,6,18,0,24,0,1,0,0,0,0.0,0.16,0.16,2.8,0,10,5.0,60.0,45369,0,0
336,Okafor,Leeds,MID,2,17,4,1,68,1,2,0,0,0,0.08,0.01,0.09,2.4,0,11,2.0,60.0,40559,1355,9168
336,Okafor,Leeds,MID,3,23,5,0,61,1,3,0,0,1,0.0,0.01,0.01,0.4,0,9,0.0,59.0,32691,2519,10891
346,Calvert-Lewin,Leeds,FWD,1,6,18,0,90,1,1,0,0,1,0.13,0.0,0.13,0.7,0,-2,2.0,60.0,2823371,0,0
346,Calvert-Lewin,Leeds,FWD,2,17,4,1,90,1,8,1,0,0,0.92,0.02,0.94,7.7,2,31,4.0,60.0,2823193,84314,188936
346,Calvert-Lewin,Leeds,FWD,3,23,5,0,72,1,1,0,0,0,0.56,0.06,0.62,3.7,0,0,3.0,60.0,2612462,198586,343228
342,Harrison,Leeds,MID,1,6,18,0,0,0,0,0,0,0,0.0,0.0,0.0,0.0,0,0,0.0,50.0,135,0,0
342,Harrison,Leeds,MID,2,17,4,1,0,0,0,0,0,0,0.0,0.0,0.0,0.0,0,0,0.0,50.0,98,0,36
342,Harrison,Leeds,MID,3,23,5,0,0,0,0,0,0,0,0.0,0.0,0.0,0.0,0,0,0.0,50.0,81,0,17
598,Elvedi,Leeds,DEF,1,6,18,0,0,0,0,0,0,0,0.0,0.0,0.0,0.0,0,0,0.0,45.0,1842,0,0
598,Elvedi,Leeds,DEF,2,17,4,1,56,0,1,0,0,0,0.0,0.0,0.0,2.3,0,9,6.0,45.0,2511,354,279
598,Elvedi,Leeds,DEF,3,23,5,0,90,1,4,0,0,0,0.0,0.57,0.57,5.5,0,12,10.0,45.0,2951,729,528
348,Piroe,Leeds,FWD,1,6,18,0,0,0,0,0,0,0,0.0,0.0,0.0,0.0,0,0,0.0,50.0,17239,0,0
348,Piroe,Leeds,FWD,2,17,4,1,0,0,0,0,0,0,0.0,0.0,0.0,0.0,0,0,0.0,50.0,11733,0,5351
348,Piroe,Leeds,FWD,3,23,5,0,0,0,0,0,0,0,0.0,0.0,0.0,0.0,0,0,0.0,50.0,8831,0,2945
345,Tanaka,Leeds,MID,1,6,18,0,0,0,0,0,0,0,0.0,0.0,0.0,0.0,0,0,0.0,50.0,23052,0,0
345,Tanaka,Leeds,MID,2,17,4,1,45,0,1,0,0,0,0.0,0.01,0.01,2.2,0,6,11.0,50.0,21386,899,4233
345,Tanaka,Leeds,MID,3,23,5,0,72,1,5,0,1,0,0.53,0.01,0.54,4.6,0,18,8.0,49.0,21765,3466,4501
347,Nmecha,Leeds,FWD,1,6,18,0,0,0,0,0,0,0,0.0,0.0,0.0,0.0,0,0,0.0,55.0,53564,0,0
347,Nmecha,Leeds,FWD,2,17,4,1,21,0,4,0,1,0,0.1,0.0,0.1,4.5,0,18,1.0,55.0,51231,1917,9544
347,Nmecha,Leeds,FWD,3,23,5,0,17,0,1,0,0,0,0.17,0.14,0.31,0.9,0,2,0.0,55.0,50649,5427,8539
385,Trafford,Leeds,GKP,1,6,18,0,90,1,9,0,0,1,0.0,0.0,0.0,1.9,2,28,0.0,50.0,265439,0,0
385,Trafford,Leeds,GKP,2,17,4,1,90,1,3,0,0,0,0.0,0.0,0.0,3.8,0,20,0.0,50.0,437245,63794,15104
385,Trafford,Leeds,GKP,3,23,5,0,90,1,3,0,0,0,0.0,0.0,0.0,3.5,0,18,0.0,50.0,532682,81497,48820
603,Lienou,Leeds,DEF,1,6,18,0,0,0,0,0,0,0,0.0,0.0,0.0,0.0,0,0,0.0,40.0,0,0,0
603,Lienou,Leeds,DEF,2,17,4,1,0,0,0,0,0,0,0.0,0.0,0.0,0.0,0,0,0.0,40.0,7187,1488,319
603,Lienou,Leeds,DEF,3,23,5,0,0,0,0,0,0,0,0.0,0.0,0.0,0.0,0,0,0.0,40.0,11399,2536,1136
337,Aaronson,Leeds,MID,1,6,18,0,81,1,3,0,0,1,0.01,0.01,0.02,1.6,0,16,7.0,55.0,87156,0,0
337,Aaronson,Leeds,MID,2,17,4,1,45,1,1,0,0,0,0.0,0.01,0.01,0.3,0,6,3.0,55.0,85405,2593,8433
337,Aaronson,Leeds,MID,3,23,5,0,28,0,1,0,0,0,0.0,0.0,0.0,0.1,0,5,0.0,55.0,70876,2026,16094
343,James,Leeds,MID,1,6,18,0,0,0,0,0,0,0,0.0,0.0,0.0,0.0,0,0,0.0,50.0,11272,0,0
343,James,Leeds,MID,2,17,4,1,22,0,1,0,0,0,0.24,0.01,0.25,1.1,0,2,2.0,50.0,11703,863,1736
343,James,Leeds,MID,3,23,5,0,0,0,0,0,0,0,0.0,0.0,0.0,0.0,0,0,0.0,50.0,11657,1599,2291
341,Gnonto,Leeds,MID,1,6,18,0,0,0,0,0,0,0,0.0,0.0,0.0,0.0,0,0,0.0,50.0,2172,0,0
341,Gnonto,Leeds,MID,2,17,4,1,0,0,0,0,0,0,0.0,0.0,0.0,0.0,0,0,0.0,50.0,1522,18,696
341,Gnonto,Leeds,MID,3,23,5,0,0,0,0,0,0,0,0.0,0.0,0.0,0.0,0,0,0.0,50.0,1395,226,448
338,Ampadu,Leeds,MID,1,6,18,0,90,1,5,0,0,1,0.0,0.04,0.04,4.2,0,18,13.0,55.0,132659,0,0
338,Ampadu,Leeds,MID,2,17,4,1,90,1,2,0,0,0,0.01,0.09,0.1,3.7,0,12,10.0,55.0,133624,4591,9441
338,Ampadu,Leeds,MID,3,23,5,0,90,1,2,0,0,0,0.0,0.01,0.01,2.5,0,13,11.0,55.0,117203,3562,19269
339,Longstaff,Leeds,MID,1,6,18,0,8,0,1,0,0,0,0.0,0.0,0.0,0.0,0,3,0.0,50.0,12582,0,0
339,Longstaff,Leeds,MID,2,17,4,1,0,0,0,0,0,0,0.0,0.0,0.0,0.0,0,0,0.0,50.0,12723,575,1631
339,Longstaff,Leeds,MID,3,23,5,0,0,0,0,0,0,0,0.0,0.0,0.0,0.0,0,0,0.0,50.0,10952,639,2604
604,Cresswell,Leeds,MID,1,6,18,0,0,0,0,0,0,0,0.0,0.0,0.0,0.0,0,0,0.0,45.0,0,0,0
604,Cresswell,Leeds,MID,2,17,4,1,0,0,0,0,0,0,0.0,0.0,0.0,0.0,0,0,0.0,45.0,7215,3029,710
604,Cresswell,Leeds,MID,3,23,5,0,0,0,0,0,0,0,0.0,0.0,0.0,0.0,0,0,0.0,45.0,14318,5922,2194
641,Bard,Leeds,DEF,3,23,5,0,0,0,0,0,0,0,0.0,0.0,0.0,0.0,0,0,0.0,45.0,242,177,28
344,Gruev,Leeds,MID,1,6,18,0,0,0,0,0,0,0,0.0,0.0,0.0,0.0,0,0,0.0,50.0,461,0,0
344,Gruev,Leeds,MID,2,17,4,1,0,0,0,0,0,0,0.0,0.0,0.0,0.0,0,0,0.0,50.0,362,9,129
344,Gruev,Leeds,MID,3,23,5,0,0,0,0,0,0,0,0.0,0.0,0.0,0.0,0,0,0.0,50.0,350,33,71
629,Zetterer,Leeds,GKP,3,23,5,0,0,0,0,0,0,0,0.0,0.0,0.0,0.0,0,0,0.0,40.0,37143,13274,1307
350,A.Becker,Liverpool,GKP,1,9,17,0,90,1,2,0,0,0,0.0,0.0,0.0,1.8,0,7,0.0,55.0,302846,0,0
350,A.Becker,Liverpool,GKP,2,14,18,1,90,1,0,0,0,0,0.0,0.0,0.0,0.8,0,-5,0.0,55.0,377543,25307,21223
350,A.Becker,Liverpool,GKP,3,21,12,0,90,1,8,0,0,1,0.0,0.0,0.0,3.0,1,35,0.0,55.0,402518,42521,57990
352,Woodman,Liverpool,GKP,1,9,17,0,0,0,0,0,0,0,0.0,0.0,0.0,0.0,0,0,0.0,40.0,97477,0,0
352,Woodman,Liverpool,GKP,2,14,18,1,0,0,0,0,0,0,0.0,0.0,0.0,0.0,0,0,0.0,40.0,107195,3263,5523
352,Woodman,Liverpool,GKP,3,21,12,0,0,0,0,0,0,0,0.0,0.0,0.0,0.0,0,0,0.0,40.0,114962,8227,7947
351,Mamardashvili,Liverpool,GKP,1,9,17,0,0,0,0,0,0,0,0.0,0.0,0.0,0.0,0,0,0.0,50.0,13503,0,0
351,Mamardashvili,Liverpool,GKP,2,14,18,1,0,0,0,0,0,0,0.0,0.0,0.0,0.0,0,0,0.0,50.0,15032,658,2038
351,Mamardashvili,Liverpool,GKP,3,21,12,0,0,0,0,0,0,0,0.0,0.0,0.0,0.0,0,0,0.0,49.0,14432,1002,2840
648,Bahoya,Leeds,MID,3,23,5,0,0,0,0,0,0,0,0.0,0.0,0.0,0.0,0,0,0.0,50.0,1030,1015,196
625,Cairns,Leeds,GKP,2,17,4,1,0,0,0,0,0,0,0.0,0.0,0.0,0.0,0,0,0.0,40.0,0,0,0
625,Cairns,Leeds,GKP,3,23,5,0,0,0,0,0,0,0,0.0,0.0,0.0,0.0,0,0,0.0,40.0,19774,9425,1384
353,Pecsi,Liverpool,GKP,1,9,17,0,0,0,0,0,0,0,0.0,0.0,0.0,0.0,0,0,0.0,40.0,2936,0,0
353,Pecsi,Liverpool,GKP,2,14,18,1,0,0,0,0,0,0,0.0,0.0,0.0,0.0,0,0,0.0,40.0,2467,0,448
353,Pecsi,Liverpool,GKP,3,21,12,0,0,0,0,0,0,0,0.0,0.0,0.0,0.0,0,0,0.0,40.0,2180,0,284
359,Gomez,Liverpool,DEF,1,9,17,0,0,0,0,0,0,0,0.0,0.0,0.0,0.0,0,0,0.0,50.0,1714,0,0
359,Gomez,Liverpool,DEF,2,14,18,1,0,0,0,0,0,0,0.0,0.0,0.0,0.0,0,0,0.0,50.0,1606,79,409
359,Gomez,Liverpool,DEF,3,21,12,0,0,0,0,0,0,0,0.0,0.0,0.0,0.0,0,0,0.0,50.0,1465,70,325
354,Jaros,Liverpool,GKP,1,9,17,0,0,0,0,0,0,0,0.0,0.0,0.0,0.0,0,0,0.0,40.0,1351,0,0
354,Jaros,Liverpool,GKP,2,14,18,1,0,0,0,0,0,0,0.0,0.0,0.0,0.0,0,0,0.0,40.0,1453,163,179
354,Jaros,Liverpool,GKP,3,21,12,0,0,0,0,0,0,0,0.0,0.0,0.0,0.0,0,0,0.0,40.0,1744,549,336
361,Lucky,Liverpool,DEF,1,9,17,0,0,0,0,0,0,0,0.0,0.0,0.0,0.0,0,0,0.0,40.0,10838,0,0
361,Lucky,Liverpool,DEF,2,14,18,1,0,0,0,0,0,0,0.0,0.0,0.0,0.0,0,0,0.0,40.0,11947,608,1137
361,Lucky,Liverpool,DEF,3,21,12,0,0,0,0,0,0,0,0.0,0.0,0.0,0.0,0,0,0.0,40.0,13766,1420,1428
363,Leoni,Liverpool,DEF,1,9,17,0,0,0,0,0,0,0,0.0,0.0,0.0,0.0,0,0,0.0,40.0,4082,0,0
363,Leoni,Liverpool,DEF,2,14,18,1,0,0,0,0,0,0,0.0,0.0,0.0,0.0,0,0,0.0,40.0,4039,182,519
363,Leoni,Liverpool,DEF,3,21,12,0,0,0,0,0,0,0,0.0,0.0,0.0,0.0,0,0,0.0,40.0,3887,332,617
355,Davies,Liverpool,GKP,1,9,17,0,0,0,0,0,0,0,0.0,0.0,0.0,0.0,0,0,0.0,40.0,11845,0,0
355,Davies,Liverpool,GKP,2,14,18,1,0,0,0,0,0,0,0.0,0.0,0.0,0.0,0,0,0.0,40.0,13945,644,713
355,Davies,Liverpool,GKP,3,21,12,0,0,0,0,0,0,0,0.0,0.0,0.0,0.0,0,0,0.0,40.0,16191,1717,1139
360,Bradley,Liverpool,DEF,1,9,17,0,0,0,0,0,0,0,0.0,0.0,0.0,0.0,0,0,0.0,50.0,957,0,0
360,Bradley,Liverpool,DEF,2,14,18,1,0,0,0,0,0,0,0.0,0.0,0.0,0.0,0,0,0.0,50.0,1023,79,219
360,Bradley,Liverpool,DEF,3,21,12,0,0,0,0,0,0,0,0.0,0.0,0.0,0.0,0,0,0.0,50.0,1036,114,218
366,Wirtz,Liverpool,MID,1,9,17,0,62,1,2,0,0,0,0.26,0.04,0.3,5.7,0,16,5.0,75.0,1122658,0,0
366,Wirtz,Liverpool,MID,2,14,18,1,90,1,4,0,1,0,0.23,0.2,0.43,7.4,0,23,10.0,75.0,1118328,24923,123262
366,Wirtz,Liverpool,MID,3,21,12,0,90,1,3,0,0,1,0.18,0.05,0.23,6.3,0,14,4.0,75.0,1044657,69030,190379
357,Frimpong,Liverpool,DEF,1,9,17,0,90,1,0,0,0,0,0.01,0.09,0.1,6.1,0,3,2.0,55.0,302241,0,0
357,Frimpong,Liverpool,DEF,2,14,18,1,70,1,1,0,0,0,0.0,0.02,0.02,3.1,0,9,6.0,55.0,339802,24520,33569
357,Frimpong,Liverpool,DEF,3,21,12,0,0,0,0,0,0,0,0.0,0.0,0.0,0.0,0,0,0.0,55.0,309643,25094,70400
356,Virgil,Liverpool,DEF,1,9,17,0,90,1,2,0,0,0,0.25,0.01,0.26,5.1,0,8,11.0,65.0,1670280,0,0
356,Virgil,Liverpool,DEF,2,14,18,1,90,1,1,0,0,0,0.0,0.03,0.03,3.1,0,5,7.0,65.0,1939518,74614,79120
356,Virgil,Liverpool,DEF,3,21,12,0,90,1,6,0,0,1,0.0,0.02,0.02,2.5,0,32,7.0,65.0,1837428,67650,273435
358,Kerkez,Liverpool,DEF,1,9,17,0,90,1,0,0,0,0,0.02,0.02,0.04,4.4,0,3,7.0,55.0,332539,0,0
358,Kerkez,Liverpool,DEF,2,14,18,1,70,1,1,0,0,0,0.0,0.01,0.01,3.7,0,9,8.0,55.0,347978,15645,34387
358,Kerkez,Liverpool,DEF,3,21,12,0,90,1,5,0,0,1,0.0,0.03,0.03,2.5,0,23,5.0,55.0,302995,13999,65051
364,Tsimikas,Liverpool,DEF,1,9,17,0,0,0,0,0,0,0,0.0,0.0,0.0,0.0,0,0,0.0,50.0,6683,0,0
364,Tsimikas,Liverpool,DEF,2,14,18,1,19,0,1,0,0,0,0.04,0.01,0.05,1.4,0,4,0.0,50.0,7352,339,982
364,Tsimikas,Liverpool,DEF,3,21,12,0,0,0,0,0,0,0,0.0,0.0,0.0,0.0,0,0,0.0,50.0,7858,487,1087
365,Ramsay,Liverpool,DEF,1,9,17,0,0,0,0,0,0,0,0.0,0.0,0.0,0.0,0,0,0.0,40.0,19328,0,0
365,Ramsay,Liverpool,DEF,2,14,18,1,0,0,0,0,0,0,0.0,0.0,0.0,0.0,0,0,0.0,40.0,18344,638,3752
365,Ramsay,Liverpool,DEF,3,21,12,0,0,0,0,0,0,0,0.0,0.0,0.0,0.0,0,0,0.0,40.0,12989,0,5215
367,Gakpo,Liverpool,MID,1,9,17,0,90,1,12,1,0,0,0.3,0.15,0.45,11.5,3,33,12.0,70.0,310403,0,0
367,Gakpo,Liverpool,MID,2,14,18,1,70,1,5,0,1,0,0.0,0.65,0.65,5.7,0,21,3.0,70.0,653797,205704,27751
367,Gakpo,Liverpool,MID,3,21,12,0,90,1,11,0,2,1,0.06,0.4,0.46,10.5,2,43,10.0,71.0,933667,234993,131181
370,Chiesa,Liverpool,MID,1,9,17,0,0,0,0,0,0,0,0.0,0.0,0.0,0.0,0,0,0.0,55.0,11756,0,0
370,Chiesa,Liverpool,MID,2,14,18,1,0,0,0,0,0,0,0.0,0.0,0.0,0.0,0,0,0.0,55.0,10863,585,3550
370,Chiesa,Liverpool,MID,3,21,12,0,0,0,0,0,0,0,0.0,0.0,0.0,0.0,0,0,0.0,54.0,6728,50,4246
362,Jacquet,Liverpool,DEF,1,9,17,0,69,1,1,0,0,0,0.0,0.02,0.02,2.4,0,9,3.0,50.0,205604,0,0
362,Jacquet,Liverpool,DEF,2,14,18,1,76,1,3,0,0,0,0.0,0.05,0.05,4.8,0,13,11.0,50.0,235410,22712,18156
362,Jacquet,Liverpool,DEF,3,21,12,0,90,1,5,0,0,1,0.0,0.03,0.03,3.7,0,28,9.0,50.0,277052,56823,40517
371,Gravenberch,Liverpool,MID,1,9,17,0,77,1,5,0,1,0,0.06,0.05,0.11,4.4,0,26,11.0,60.0,172067,0,0
371,Gravenberch,Liverpool,MID,2,14,18,1,19,0,1,0,0,0,0.0,0.01,0.01,1.7,0,7,1.0,60.0,196536,15005,15183
371,Gravenberch,Liverpool,MID,3,21,12,0,26,0,1,0,0,0,0.0,0.0,0.0,0.4,0,2,2.0,60.0,168420,10774,44970
369,Ngumoha,Liverpool,MID,1,9,17,0,62,1,2,0,0,0,0.04,0.02,0.06,1.3,0,9,3.0,60.0,104767,0,0
369,Ngumoha,Liverpool,MID,2,14,18,1,19,0,1,0,0,0,0.0,0.03,0.03,0.5,0,5,0.0,60.0,106917,5547,14877
369,Ngumoha,Liverpool,MID,3,21,12,0,0,0,0,0,0,0,0.0,0.0,0.0,0.0,0,0,0.0,59.0,77015,3473,35409
368,Szoboszlai,Liverpool,MID,1,9,17,0,90,1,8,1,0,0,0.85,0.27,1.12,11.9,1,29,7.0,70.0,3733259,0,0
368,Szoboszlai,Liverpool,MID,2,14,18,1,90,1,4,0,0,0,0.16,0.17,0.33,6.6,0,24,13.0,70.0,4309636,245003,67405
368,Szoboszlai,Liverpool,MID,3,21,12,0,90,1,3,0,0,1,0.16,0.08,0.24,7.0,0,20,9.0,70.0,4313411,281021,386428
373,C.Jones,Liverpool,MID,1,9,17,0,0,0,0,0,0,0,0.0,0.0,0.0,0.0,0,0,0.0,55.0,4822,0,0
373,C.Jones,Liverpool,MID,2,14,18,1,0,0,0,0,0,0,0.0,0.0,0.0,0.0,0,0,0.0,55.0,3769,33,1128
373,C.Jones,Liverpool,MID,3,21,12,0,0,0,0,0,0,0,0.0,0.0,0.0,0.0,0,0,0.0,55.0,2874,1,930
372,Mac Allister,Liverpool,MID,1,9,17,0,27,0,1,0,0,0,0.0,0.01,0.01,0.7,0,9,3.0,55.0,151941,0,0
372,Mac Allister,Liverpool,MID,2,14,18,1,76,1,2,0,0,0,0.0,0.39,0.39,2.0,0,10,10.0,55.0,156781,6567,21508
372,Mac Allister,Liverpool,MID,3,21,12,0,83,1,2,0,0,1,0.08,0.02,0.1,4.7,0,14,11.0,55.0,147584,10622,28058
377,Munoz,Liverpool,MID,1,9,17,0,27,0,4,0,1,0,0.1,0.04,0.14,2.7,0,15,0.0,65.0,48042,0,0
377,Munoz,Liverpool,MID,2,14,18,1,90,1,6,1,0,0,0.32,0.19,0.51,8.8,0,24,7.0,65.0,60184,6486,5913
377,Munoz,Liverpool,MID,3,21,12,0,63,1,3,0,0,1,0.0,0.02,0.02,1.1,0,9,4.0,65.0,147326,83211,23201
374,Endo,Liverpool,MID,1,9,17,0,0,0,0,0,0,0,0.0,0.0,0.0,0.0,0,0,0.0,50.0,5090,0,0
374,Endo,Liverpool,MID,2,14,18,1,0,0,0,0,0,0,0.0,0.0,0.0,0.0,0,0,0.0,50.0,6389,485,985
374,Endo,Liverpool,MID,3,21,12,0,0,0,0,0,0,0,0.0,0.0,0.0,0.0,0,0,0.0,50.0,6810,798,1446
375,Nyoni,Liverpool,MID,1,9,17,0,0,0,0,0,0,0,0.0,0.0,0.0,0.0,0,0,0.0,50.0,3729,0,0
375,Nyoni,Liverpool,MID,2,14,18,1,13,0,1,0,0,0,0.0,0.0,0.0,0.9,0,3,5.0,50.0,3607,139,673
375,Nyoni,Liverpool,MID,3,21,12,0,6,0,1,0,0,0,0.0,0.0,0.0,0.0,0,3,0.0,50.0,3899,503,822
380,Ekitiké,Liverpool,FWD,1,9,17,0,0,0,0,0,0,0,0.0,0.0,0.0,0.0,0,0,0.0,75.0,14410,0,0
380,Ekitiké,Liverpool,FWD,2,14,18,1,0,0,0,0,0,0,0.0,0.0,0.0,0.0,0,0,0.0,75.0,14299,709,3807
380,Ekitiké,Liverpool,FWD,3,21,12,0,0,0,0,0,0,0,0.0,0.0,0.0,0.0,0,0,0.0,75.0,12739,696,3432
376,Bajcetic,Liverpool,MID,1,9,17,0,0,0,0,0,0,0,0.0,0.0,0.0,0.0,0,0,0.0,50.0,157,0,0
376,Bajcetic,Liverpool,MID,2,14,18,1,0,0,0,0,0,0,0.0,0.0,0.0,0.0,0,0,0.0,50.0,173,8,29
376,Bajcetic,Liverpool,MID,3,21,12,0,0,0,0,0,0,0,0.0,0.0,0.0,0.0,0,0,0.0,50.0,148,11,43
379,Isak,Liverpool,FWD,1,9,17,0,90,1,2,0,0,0,1.09,0.01,1.1,9.2,0,6,1.0,90.0,1493302,0,0
379,Isak,Liverpool,FWD,2,14,18,1,90,1,8,1,0,0,0.99,0.0,0.99,9.2,2,30,1.0,90.0,1629014,73036,101133
379,Isak,Liverpool,FWD,3,21,12,0,63,1,13,2,0,1,0.21,0.05,0.26,10.7,3,61,3.0,90.0,1811350,181587,206849
383,Elliott,Liverpool,MID,1,9,17,0,0,0,0,0,0,0,0.0,0.0,0.0,0.0,0,0,0.0,55.0,6399,0,0
383,Elliott,Liverpool,MID,2,14,18,1,0,0,0,0,0,0,0.0,0.0,0.0,0.0,0,0,0.0,55.0,7117,380,1216
383,Elliott,Liverpool,MID,3,21,12,0,0,0,0,0,0,0,0.0,0.0,0.0,0.0,0,0,0.0,54.0,5742,527,2456
378,McConnell,Liverpool,MID,1,9,17,0,0,0,0,0,0,0,0.0,0.0,0.0,0.0,0,0,0.0,45.0,24189,0,0
378,McConnell,Liverpool,MID,2,14,18,1,0,0,0,0,0,0,0.0,0.0,0.0,0.0,0,0,0.0,45.0,25168,883,2900
378,McConnell,Liverpool,MID,3,21,12,0,0,0,0,0,0,0,0.0,0.0,0.0,0.0,0,0,0.0,45.0,24779,1404,3323
381,Koumas,Liverpool,MID,1,9,17,0,12,0,1,0,0,0,0.03,0.0,0.03,0.9,0,4,1.0,50.0,1626,0,0
381,Koumas,Liverpool,MID,2,14,18,1,0,0,0,0,0,0,0.0,0.0,0.0,0.0,0,0,0.0,50.0,2137,156,210
381,Koumas,Liverpool,MID,3,21,12,0,1,0,1,0,0,0,0.0,0.0,0.0,0.0,0,3,0.0,50.0,2473,161,378
382,Danns,Liverpool,FWD,1,9,17,0,0,0,0,0,0,0,0.0,0.0,0.0,0.0,0,0,0.0,45.0,3221,0,0
382,Danns,Liverpool,FWD,2,14,18,1,0,0,0,0,0,0,0.0,0.0,0.0,0.0,0,0,0.0,45.0,3423,309,562
382,Danns,Liverpool,FWD,3,21,12,0,0,0,0,0,0,0,0.0,0.0,0.0,0.0,0,0,0.0,45.0,7591,2915,946
237,Ndiaye,Man City,MID,1,3,8,1,90,1,9,0,1,1,0.24,0.32,0.56,12.9,1,36,12.0,60.0,1434152,0,0
237,Ndiaye,Man City,MID,2,12,3,0,90,1,4,0,0,0,0.02,0.07,0.09,3.7,0,16,13.0,60.0,1595715,122688,60020
237,Ndiaye,Man City,MID,3,26,7,1,86,1,3,0,0,1,0.02,0.04,0.06,3.5,0,12,5.0,60.0,1152171,81681,473152
384,Donnarumma,Man City,GKP,1,8,3,1,90,1,3,0,0,0,0.0,0.0,0.0,2.7,0,12,0.0,55.0,722204,0,0
384,Donnarumma,Man City,GKP,2,11,8,0,90,1,0,0,0,0,0.0,0.0,0.0,0.7,0,5,0.0,55.0,828113,34008,44952
384,Donnarumma,Man City,GKP,3,26,7,1,90,1,7,0,0,1,0.0,0.0,0.0,2.7,0,29,0.0,55.0,836587,71140,120065
579,Araujo,Liverpool,DEF,1,9,17,0,20,0,1,0,0,0,0.0,0.03,0.03,1.4,0,3,4.0,55.0,211388,0,0
579,Araujo,Liverpool,DEF,2,14,18,1,13,0,0,0,0,0,0.0,0.01,0.01,0.8,0,-1,1.0,55.0,267054,23907,33774
579,Araujo,Liverpool,DEF,3,21,12,0,90,1,8,0,0,1,0.0,0.01,0.01,2.4,0,27,10.0,54.0,212525,11375,80540
387,O'Reilly,Man City,DEF,1,8,3,1,62,1,2,0,0,0,0.07,0.41,0.48,5.0,0,5,2.0,65.0,1877660,0,0
387,O'Reilly,Man City,DEF,2,11,8,0,88,1,2,0,0,0,0.02,0.02,0.04,1.6,0,11,1.0,65.0,2068744,68784,107330
387,O'Reilly,Man City,DEF,3,26,7,1,0,0,0,0,0,0,0.0,0.0,0.0,0.0,0,0,0.0,65.0,1933486,97243,291030
155,Enzo,Man City,MID,1,10,10,0,25,0,1,0,0,0,0.0,0.02,0.02,1.5,0,6,3.0,70.0,442051,0,0
155,Enzo,Man City,MID,2,16,5,1,0,0,0,0,0,0,0.0,0.0,0.0,0.0,0,0,0.0,70.0,430662,14954,89165
155,Enzo,Man City,MID,3,26,7,1,75,1,3,0,0,1,0.13,0.12,0.25,4.7,0,17,3.0,69.0,341334,30968,132936
386,Bettinelli,Man City,GKP,1,8,3,1,0,0,0,0,0,0,0.0,0.0,0.0,0.0,0,0,0.0,45.0,2479,0,0
386,Bettinelli,Man City,GKP,2,11,8,0,0,0,0,0,0,0,0.0,0.0,0.0,0.0,0,0,0.0,45.0,2853,135,236
386,Bettinelli,Man City,GKP,3,26,7,1,0,0,0,0,0,0,0.0,0.0,0.0,0.0,0,0,0.0,45.0,2867,172,373
388,Guéhi,Man City,DEF,1,8,3,1,90,1,10,1,0,0,0.89,0.32,1.21,8.9,2,31,4.0,60.0,1521853,0,0
388,Guéhi,Man City,DEF,2,11,8,0,90,1,2,0,0,0,0.0,0.04,0.04,4.0,0,12,5.0,60.0,1952448,182745,41758
388,Guéhi,Man City,DEF,3,26,7,1,90,1,8,0,0,1,0.0,0.02,0.02,4.0,2,31,9.0,60.0,1945720,122887,182060
627,Barcola,Liverpool,MID,3,21,12,0,26,0,1,0,0,0,0.0,0.07,0.07,1.6,0,5,0.0,80.0,145340,135788,19616
392,Aït-Nouri,Man City,DEF,1,8,3,1,0,0,0,0,0,0,0.0,0.0,0.0,0.0,0,0,0.0,55.0,79425,0,0
392,Aït-Nouri,Man City,DEF,2,11,8,0,0,0,0,0,0,0,0.0,0.0,0.0,0.0,0,0,0.0,55.0,77633,2616,16779
392,Aït-Nouri,Man City,DEF,3,26,7,1,0,0,0,0,0,0,0.0,0.0,0.0,0.0,0,0,0.0,54.0,56252,2020,25071
394,Alleyne,Man City,DEF,1,8,3,1,0,0,0,0,0,0,0.0,0.0,0.0,0.0,0,0,0.0,50.0,1089,0,0
394,Alleyne,Man City,DEF,2,11,8,0,0,0,0,0,0,0,0.0,0.0,0.0,0.0,0,0,0.0,50.0,720,0,357
394,Alleyne,Man City,DEF,3,26,7,1,0,0,0,0,0,0,0.0,0.0,0.0,0.0,0,0,0.0,50.0,589,0,142
391,Gvardiol,Man City,DEF,1,8,3,1,90,1,9,1,0,0,0.19,0.05,0.24,7.8,1,28,7.0,55.0,980214,0,0
391,Gvardiol,Man City,DEF,2,11,8,0,74,1,5,0,1,0,0.0,0.04,0.04,6.0,0,18,2.0,55.0,1383738,228418,35357
391,Gvardiol,Man City,DEF,3,26,7,1,90,1,8,0,0,1,0.01,0.02,0.03,3.3,2,31,8.0,56.0,2019409,548352,120944
390,Rúben,Man City,DEF,1,8,3,1,90,1,2,0,0,0,0.0,0.14,0.14,4.4,0,11,6.0,55.0,148709,0,0
390,Rúben,Man City,DEF,2,11,8,0,90,1,2,0,0,0,0.09,0.57,0.66,8.4,0,19,6.0,55.0,176387,9858,12557
390,Rúben,Man City,DEF,3,26,7,1,90,1,6,0,0,1,0.0,0.03,0.03,2.7,0,25,3.0,55.0,186055,20417,23954
389,Matheus N.,Man City,DEF,1,8,3,1,33,0,1,0,0,0,0.0,0.04,0.04,0.9,0,4,1.0,60.0,123928,0,0
389,Matheus N.,Man City,DEF,2,11,8,0,0,0,0,0,0,0,0.0,0.0,0.0,0.0,0,0,0.0,60.0,142089,3031,17493
389,Matheus N.,Man City,DEF,3,26,7,1,0,0,0,0,0,0,0.0,0.0,0.0,0.0,0,0,0.0,59.0,103772,479,38419
393,Khusanov,Man City,DEF,1,8,3,1,90,1,2,0,0,0,0.0,0.02,0.02,2.0,0,14,4.0,55.0,147622,0,0
393,Khusanov,Man City,DEF,2,11,8,0,88,1,2,0,0,0,0.0,0.02,0.02,3.0,0,17,7.0,55.0,170855,6086,14537
393,Khusanov,Man City,DEF,3,26,7,1,90,1,5,0,0,1,0.0,0.02,0.02,1.8,0,22,6.0,55.0,166742,9792,24283
398,Foden,Man City,MID,1,8,3,1,81,1,1,0,0,0,0.12,0.4,0.52,7.5,0,15,6.0,70.0,387178,0,0
398,Foden,Man City,MID,2,11,8,0,90,1,9,0,2,0,0.87,0.45,1.32,10.6,1,38,7.0,70.0,400716,20147,46521
398,Foden,Man City,MID,3,26,7,1,24,0,1,0,0,0,0.62,0.01,0.63,2.6,0,3,1.0,70.0,687362,262736,74879
395,Lewis,Man City,DEF,1,8,3,1,56,1,1,0,0,0,0.17,0.02,0.19,4.7,0,-1,2.0,45.0,18491,0,0
395,Lewis,Man City,DEF,2,11,8,0,0,0,0,0,0,0,0.0,0.0,0.0,0.0,0,0,0.0,45.0,25045,3620,2523
395,Lewis,Man City,DEF,3,26,7,1,0,0,0,0,0,0,0.0,0.0,0.0,0.0,0,0,0.0,45.0,23634,2152,5733
399,Cherki,Man City,MID,1,8,3,1,27,0,8,0,2,0,0.0,0.5,0.5,9.2,1,28,0.0,75.0,679336,0,0
399,Cherki,Man City,MID,2,11,8,0,81,1,14,2,0,0,0.35,0.55,0.9,17.2,3,60,3.0,75.0,1073154,203318,41402
399,Cherki,Man City,MID,3,26,7,1,65,1,3,0,0,1,0.21,0.3,0.51,8.4,0,23,3.0,77.0,3431400,1865890,81942
397,Semenyo,Man City,MID,1,8,3,1,90,1,2,0,0,0,0.06,0.02,0.08,4.6,0,16,5.0,85.0,2354040,0,0
397,Semenyo,Man City,MID,2,11,8,0,90,1,5,0,1,0,0.06,0.57,0.63,11.2,0,33,3.0,85.0,2377196,49100,173210
397,Semenyo,Man City,MID,3,26,7,1,90,1,6,0,1,1,0.05,0.34,0.39,8.0,0,26,4.0,85.0,2009104,68628,431121
400,Doku,Man City,MID,1,8,3,1,0,0,0,0,0,0,0.0,0.0,0.0,0.0,0,0,0.0,75.0,191182,0,0
400,Doku,Man City,MID,2,11,8,0,0,0,0,0,0,0,0.0,0.0,0.0,0.0,0,0,0.0,75.0,122950,494,70015
400,Doku,Man City,MID,3,26,7,1,0,0,0,0,0,0,0.0,0.0,0.0,0.0,0,0,0.0,74.0,90983,453,34371
396,Vitor Reis,Man City,DEF,1,8,3,1,0,0,0,0,0,0,0.0,0.0,0.0,0.0,0,0,0.0,45.0,1856,0,0
396,Vitor Reis,Man City,DEF,2,11,8,0,1,0,1,0,0,0,0.0,0.0,0.0,0.2,0,3,0.0,45.0,2034,102,240
396,Vitor Reis,Man City,DEF,3,26,7,1,0,0,0,0,0,0,0.0,0.0,0.0,0.0,0,0,0.0,45.0,2767,132,262
404,Reijnders,Man City,MID,1,8,3,1,0,0,0,0,0,0,0.0,0.0,0.0,0.0,0,0,0.0,60.0,11692,0,0
404,Reijnders,Man City,MID,2,11,8,0,0,0,0,0,0,0,0.0,0.0,0.0,0.0,0,0,0.0,60.0,5966,0,5624
404,Reijnders,Man City,MID,3,26,7,1,0,0,0,0,0,0,0.0,0.0,0.0,0.0,0,0,0.0,60.0,4425,0,1696
406,Kovačić,Man City,MID,1,8,3,1,27,0,1,0,0,0,0.0,0.01,0.01,0.4,0,3,2.0,55.0,6303,0,0
406,Kovačić,Man City,MID,2,11,8,0,15,0,1,0,0,0,0.0,0.01,0.01,0.5,0,9,0.0,55.0,8589,829,1289
406,Kovačić,Man City,MID,3,26,7,1,0,0,0,0,0,0,0.0,0.0,0.0,0.0,0,0,0.0,55.0,8577,647,2147
402,Rodrigo,Man City,MID,1,8,3,1,0,0,0,0,0,0,0.0,0.0,0.0,0.0,0,0,0.0,65.0,2341,0,0
402,Rodrigo,Man City,MID,2,11,8,0,0,0,0,0,0,0,0.0,0.0,0.0,0.0,0,0,0.0,65.0,1526,0,796
402,Rodrigo,Man City,MID,3,26,7,1,0,0,0,0,0,0,0.0,0.0,0.0,0.0,0,0,0.0,65.0,1283,0,269
407,Echeverri,Man City,MID,1,8,3,1,0,0,0,0,0,0,0.0,0.0,0.0,0.0,0,0,0.0,50.0,1572,0,0
407,Echeverri,Man City,MID,2,11,8,0,0,0,0,0,0,0,0.0,0.0,0.0,0.0,0,0,0.0,50.0,1653,93,297
407,Echeverri,Man City,MID,3,26,7,1,0,0,0,0,0,0,0.0,0.0,0.0,0.0,0,0,0.0,49.0,1429,157,506
587,Rulli,Man City,GKP,1,8,3,1,0,0,0,0,0,0,0.0,0.0,0.0,0.0,0,0,0.0,50.0,1589,0,0
587,Rulli,Man City,GKP,2,11,8,0,0,0,0,0,0,0,0.0,0.0,0.0,0.0,0,0,0.0,50.0,2020,94,224
587,Rulli,Man City,GKP,3,26,7,1,0,0,0,0,0,0,0.0,0.0,0.0,0.0,0,0,0.0,50.0,2050,147,340
616,Bouaddi,Man City,MID,2,11,8,0,8,0,1,0,0,0,0.0,0.12,0.12,0.6,0,3,1.0,55.0,4327,3055,349
616,Bouaddi,Man City,MID,3,26,7,1,14,0,1,0,0,0,0.0,0.0,0.0,1.2,0,5,5.0,55.0,15546,9299,3258
408,Phillips,Man City,MID,1,8,3,1,0,0,0,0,0,0,0.0,0.0,0.0,0.0,0,0,0.0,50.0,1073,0,0
408,Phillips,Man City,MID,2,11,8,0,0,0,0,0,0,0,0.0,0.0,0.0,0.0,0,0,0.0,50.0,762,0,305
408,Phillips,Man City,MID,3,26,7,1,0,0,0,0,0,0,0.0,0.0,0.0,0.0,0,0,0.0,50.0,608,0,156
409,Mukasa,Man City,MID,1,8,3,1,0,0,0,0,0,0,0.0,0.0,0.0,0.0,0,0,0.0,45.0,16621,0,0
409,Mukasa,Man City,MID,2,11,8,0,0,0,0,0,0,0,0.0,0.0,0.0,0.0,0,0,0.0,45.0,17482,927,2486
409,Mukasa,Man City,MID,3,26,7,1,0,0,0,0,0,0,0.0,0.0,0.0,0.0,0,0,0.0,45.0,14465,694,3975
653,Samba,Man City,MID,3,26,7,1,0,0,0,0,0,0,0.0,0.0,0.0,0.0,0,0,0.0,45.0,0,0,0
411,Haaland,Man City,FWD,1,8,3,1,90,1,2,0,0,0,0.74,0.02,0.76,5.9,0,6,3.0,155.0,6209794,0,0
411,Haaland,Man City,FWD,2,11,8,0,90,1,13,2,0,0,0.66,0.0,0.66,12.0,3,60,5.0,155.0,6731685,69605,103852
411,Haaland,Man City,FWD,3,26,7,1,90,1,9,1,0,1,1.06,0.48,1.54,12.5,3,40,7.0,155.0,7594638,400573,40510
481,Anderson,Man City,MID,1,8,3,1,62,1,2,0,0,0,0.0,0.25,0.25,2.8,0,14,6.0,65.0,707651,0,0
481,Anderson,Man City,MID,2,11,8,0,81,1,3,0,0,0,0.07,0.22,0.29,5.8,0,25,14.0,64.0,597491,10236,153305
481,Anderson,Man City,MID,3,26,7,1,90,1,3,0,0,1,0.02,0.17,0.19,6.0,0,23,11.0,64.0,514714,41120,132919
410,Monga,Man City,MID,1,8,3,1,0,0,0,0,0,0,0.0,0.0,0.0,0.0,0,0,0.0,50.0,1505,0,0
410,Monga,Man City,MID,2,11,8,0,0,0,0,0,0,0,0.0,0.0,0.0,0.0,0,0,0.0,50.0,1523,76,283
410,Monga,Man City,MID,3,26,7,1,0,0,0,0,0,0,0.0,0.0,0.0,0.0,0,0,0.0,49.0,1321,143,452
162,Andrey Santos,Man Utd,MID,1,4,11,0,66,1,2,0,0,0,0.0,0.23,0.23,1.8,0,17,9.0,50.0,93940,0,0
162,Andrey Santos,Man Utd,MID,2,18,12,1,10,0,1,0,0,0,0.0,0.0,0.0,0.7,0,2,5.0,50.0,96490,7456,15149
162,Andrey Santos,Man Utd,MID,3,30,9,0,6,0,1,0,0,0,0.0,0.01,0.01,1.4,0,4,4.0,49.0,83163,7346,24303
43,Tielemans,Man Utd,MID,1,4,11,0,66,1,2,0,0,0,0.04,0.11,0.15,2.0,0,13,5.0,60.0,224637,0,0
43,Tielemans,Man Utd,MID,2,18,12,1,90,1,4,0,0,0,0.47,0.11,0.58,10.0,0,26,13.0,60.0,232262,12631,35704
43,Tielemans,Man Utd,MID,3,30,9,0,90,1,2,0,0,0,0.05,0.06,0.11,4.7,0,17,7.0,59.0,201931,12766,51508
628,Allan,Man City,MID,3,26,7,1,0,0,0,0,0,0,0.0,0.0,0.0,0.0,0,0,0.0,60.0,365,300,87
131,Baleba,Man Utd,MID,1,7,2,1,0,0,0,0,0,0,0.0,0.0,0.0,0.0,0,0,0.0,50.0,17798,0,0
131,Baleba,Man Utd,MID,2,18,12,1,0,0,0,0,0,0,0.0,0.0,0.0,0.0,0,0,0.0,50.0,17743,2324,4421
131,Baleba,Man Utd,MID,3,30,9,0,0,0,0,0,0,0,0.0,0.0,0.0,0.0,0,0,0.0,50.0,14956,1696,4974
325,Darlow,Man Utd,GKP,1,4,11,0,0,0,0,0,0,0,0.0,0.0,0.0,0.0,0,0,0.0,45.0,3043,0,0
325,Darlow,Man Utd,GKP,2,18,12,1,0,0,0,0,0,0,0.0,0.0,0.0,0.0,0,0,0.0,45.0,3863,242,257
325,Darlow,Man Utd,GKP,3,30,9,0,0,0,0,0,0,0,0.0,0.0,0.0,0.0,0,0,0.0,45.0,4184,340,462
622,Braithwaite,Man City,DEF,2,11,8,0,1,0,1,0,0,0,0.0,0.0,0.0,0.1,0,3,0.0,40.0,0,0,0
622,Braithwaite,Man City,DEF,3,26,7,1,0,0,0,0,0,0,0.0,0.0,0.0,0.0,0,0,0.0,40.0,14144,9284,2205
417,Dalot,Man Utd,DEF,1,4,11,0,10,0,1,0,0,0,0.0,0.0,0.0,1.9,0,6,3.0,50.0,246316,0,0
417,Dalot,Man Utd,DEF,2,18,12,1,73,1,2,0,0,0,0.15,0.12,0.27,9.2,0,12,4.0,50.0,242125,8190,33632
417,Dalot,Man Utd,DEF,3,30,9,0,83,1,1,0,0,0,0.01,0.01,0.02,3.4,0,8,4.0,50.0,219064,9011,38685
621,McAidoo,Man City,MID,2,11,8,0,8,0,1,0,0,0,0.1,0.0,0.1,0.1,0,3,0.0,45.0,0,0,0
621,McAidoo,Man City,MID,3,26,7,1,3,0,1,0,0,0,0.0,0.0,0.0,0.7,0,5,4.0,45.0,9526,6678,1926
412,Lammens,Man Utd,GKP,1,4,11,0,90,1,1,0,0,0,0.0,0.0,0.0,2.0,0,7,0.0,50.0,1497029,0,0
412,Lammens,Man Utd,GKP,2,18,12,1,90,1,2,0,0,0,0.0,0.0,0.0,2.7,0,11,0.0,50.0,1543070,34714,88610
412,Lammens,Man Utd,GKP,3,30,9,0,90,1,2,0,0,0,0.0,0.0,0.0,3.2,0,13,0.0,50.0,1379189,32200,190582
413,Bayindir,Man Utd,GKP,1,4,11,0,0,0,0,0,0,0,0.0,0.0,0.0,0.0,0,0,0.0,45.0,2353,0,0
413,Bayindir,Man Utd,GKP,2,18,12,1,0,0,0,0,0,0,0.0,0.0,0.0,0.0,0,0,0.0,45.0,1739,0,588
413,Bayindir,Man Utd,GKP,3,30,9,0,0,0,0,0,0,0,0.0,0.0,0.0,0.0,0,0,0.0,45.0,1465,0,292
414,Heaton,Man Utd,GKP,1,4,11,0,0,0,0,0,0,0,0.0,0.0,0.0,0.0,0,0,0.0,40.0,9078,0,0
414,Heaton,Man Utd,GKP,2,18,12,1,0,0,0,0,0,0,0.0,0.0,0.0,0.0,0,0,0.0,40.0,8703,215,1005
414,Heaton,Man Utd,GKP,3,30,9,0,0,0,0,0,0,0,0.0,0.0,0.0,0.0,0,0,0.0,40.0,8868,634,976
420,Yoro,Man Utd,DEF,1,4,11,0,0,0,0,0,0,0,0.0,0.0,0.0,0.0,0,0,0.0,50.0,62047,0,0
420,Yoro,Man Utd,DEF,2,18,12,1,16,0,1,0,0,0,0.0,0.01,0.01,0.4,0,-2,2.0,50.0,62806,1536,10744
420,Yoro,Man Utd,DEF,3,30,9,0,6,0,1,0,0,0,0.0,0.01,0.01,0.9,0,1,3.0,49.0,56599,1735,11196
415,Dorgu,Man Utd,MID,1,4,11,0,45,1,0,0,0,0,0.47,0.03,0.5,0.7,0,-11,1.0,60.0,121744,0,0
415,Dorgu,Man Utd,MID,2,18,12,1,10,0,1,0,0,0,0.18,0.01,0.19,5.8,0,4,2.0,60.0,107542,4808,28661
415,Dorgu,Man Utd,MID,3,30,9,0,20,0,1,0,0,0,0.0,0.01,0.01,0.8,0,3,3.0,59.0,75573,3139,36685
419,Martinez,Man Utd,DEF,1,4,11,0,0,0,0,0,0,0,0.0,0.0,0.0,0.0,0,0,0.0,50.0,115360,0,0
419,Martinez,Man Utd,DEF,2,18,12,1,90,1,1,0,0,0,0.03,0.06,0.09,1.0,0,2,0.0,50.0,127444,6775,19575
419,Martinez,Man Utd,DEF,3,30,9,0,90,1,3,0,0,0,0.0,0.0,0.0,2.9,0,7,10.0,50.0,128156,8174,18118
423,Shaw,Man Utd,DEF,1,4,11,0,90,1,1,0,0,0,0.0,0.26,0.26,9.0,0,13,4.0,45.0,1947696,0,0
423,Shaw,Man Utd,DEF,2,18,12,1,72,1,2,0,0,0,0.0,0.02,0.02,2.4,0,12,8.0,45.0,1935721,42927,117089
423,Shaw,Man Utd,DEF,3,30,9,0,90,1,4,0,1,0,0.02,0.23,0.25,7.0,0,22,8.0,45.0,1575355,30459,333890
424,Amass,Man Utd,DEF,1,4,11,0,0,0,0,0,0,0,0.0,0.0,0.0,0.0,0,0,0.0,40.0,18310,0,0
424,Amass,Man Utd,DEF,2,18,12,1,0,0,0,0,0,0,0.0,0.0,0.0,0.0,0,0,0.0,40.0,19337,888,1981
424,Amass,Man Utd,DEF,3,30,9,0,0,0,0,0,0,0,0.0,0.0,0.0,0.0,0,0,0.0,40.0,21308,1942,2356
421,Heaven,Man Utd,DEF,1,4,11,0,90,1,1,0,0,0,0.12,0.04,0.16,2.0,0,5,2.0,45.0,33647,0,0
421,Heaven,Man Utd,DEF,2,18,12,1,0,0,0,0,0,0,0.0,0.0,0.0,0.0,0,0,0.0,45.0,40184,3088,4191
421,Heaven,Man Utd,DEF,3,30,9,0,0,0,0,0,0,0,0.0,0.0,0.0,0.0,0,0,0.0,45.0,34853,1300,8961
416,De Ligt,Man Utd,DEF,1,4,11,0,0,0,0,0,0,0,0.0,0.0,0.0,0.0,0,0,0.0,50.0,2274,0,0
416,De Ligt,Man Utd,DEF,2,18,12,1,0,0,0,0,0,0,0.0,0.0,0.0,0.0,0,0,0.0,50.0,2498,117,498
416,De Ligt,Man Utd,DEF,3,30,9,0,0,0,0,0,0,0,0.0,0.0,0.0,0.0,0,0,0.0,50.0,2390,96,463
422,Mazraoui,Man Utd,DEF,1,4,11,0,79,1,1,0,0,0,0.22,0.05,0.27,5.6,0,8,5.0,45.0,56217,0,0
422,Mazraoui,Man Utd,DEF,2,18,12,1,17,0,1,0,0,0,0.0,0.0,0.0,0.3,0,-1,0.0,45.0,70057,5854,6092
422,Mazraoui,Man Utd,DEF,3,30,9,0,1,0,1,0,0,0,0.0,0.01,0.01,0.5,0,-1,1.0,45.0,64636,3244,13023
418,Maguire,Man Utd,DEF,1,4,11,0,90,1,1,0,0,0,0.04,0.4,0.44,7.3,0,15,4.0,50.0,1650905,0,0
418,Maguire,Man Utd,DEF,2,18,12,1,90,1,4,0,1,0,0.03,0.01,0.04,1.5,0,13,5.0,50.0,1686850,52953,106311
418,Maguire,Man Utd,DEF,3,30,9,0,90,1,2,0,0,0,0.0,0.01,0.01,3.0,0,1,12.0,50.0,1407635,49780,290713
425,Fredricson,Man Utd,DEF,1,4,11,0,0,0,0,0,0,0,0.0,0.0,0.0,0.0,0,0,0.0,40.0,2582,0,0
425,Fredricson,Man Utd,DEF,2,18,12,1,0,0,0,0,0,0,0.0,0.0,0.0,0.0,0,0,0.0,40.0,1885,0,680
425,Fredricson,Man Utd,DEF,3,30,9,0,0,0,0,0,0,0,0.0,0.0,0.0,0.0,0,0,0.0,40.0,1561,0,329
426,B.Fernandes,Man Utd,MID,1,4,11,0,90,1,2,0,0,0,0.08,0.26,0.34,9.3,0,18,6.0,120.0,4653303,0,0
426,B.Fernandes,Man Utd,MID,2,18,12,1,90,1,23,3,1,0,2.02,0.48,2.5,26.1,3,87,8.0,120.0,4770471,48518,228580
426,B.Fernandes,Man Utd,MID,3,30,9,0,90,1,2,0,0,0,0.15,0.06,0.21,5.1,0,11,2.0,120.0,5025755,371832,335082
428,Cunha,Man Utd,MID,1,4,11,0,79,1,2,0,0,0,0.24,0.21,0.45,6.9,0,14,3.0,80.0,901042,0,0
428,Cunha,Man Utd,MID,2,18,12,1,79,1,9,0,2,0,0.11,0.15,0.26,7.6,1,31,2.0,80.0,924196,26854,92957
428,Cunha,Man Utd,MID,3,30,9,0,69,1,3,0,0,1,0.12,0.05,0.17,1.9,0,10,3.0,80.0,802045,23584,157767
427,Mbeumo,Man Utd,MID,1,4,11,0,90,1,2,0,0,0,0.5,0.23,0.73,8.7,0,12,4.0,80.0,3492739,0,0
427,Mbeumo,Man Utd,MID,2,18,12,1,90,1,11,1,1,0,1.76,0.21,1.97,12.4,2,37,5.0,80.0,3537164,82225,220188
427,Mbeumo,Man Utd,MID,3,30,9,0,90,1,8,1,0,0,0.05,0.03,0.08,7.2,1,29,8.0,80.0,2705759,92628,844912
429,Rashford,Man Utd,MID,1,4,11,0,45,0,1,0,0,0,0.0,0.1,0.1,6.4,0,9,1.0,70.0,134653,0,0
429,Rashford,Man Utd,MID,2,18,12,1,79,1,2,0,0,0,0.26,0.05,0.31,10.8,0,17,6.0,70.0,165554,15064,22078
429,Rashford,Man Utd,MID,3,30,9,0,69,1,3,0,0,1,0.0,0.06,0.06,2.4,0,11,4.0,70.0,166436,22811,37855
430,Mount,Man Utd,MID,1,4,11,0,0,0,0,0,0,0,0.0,0.0,0.0,0.0,0,0,0.0,55.0,3202,0,0
430,Mount,Man Utd,MID,2,18,12,1,0,0,0,0,0,0,0.0,0.0,0.0,0.0,0,0,0.0,55.0,2752,35,695
430,Mount,Man Utd,MID,3,30,9,0,0,0,0,0,0,0,0.0,0.0,0.0,0.0,0,0,0.0,54.0,2327,60,590
431,Amad,Man Utd,MID,1,4,11,0,0,0,0,0,0,0,0.0,0.0,0.0,0.0,0,0,0.0,60.0,145627,0,0
431,Amad,Man Utd,MID,2,18,12,1,0,0,0,0,0,0,0.0,0.0,0.0,0.0,0,0,0.0,59.0,91945,1576,59459
431,Amad,Man Utd,MID,3,30,9,0,0,0,0,0,0,0,0.0,0.0,0.0,0.0,0,0,0.0,58.0,50069,243,42803
432,Mainoo,Man Utd,MID,1,4,11,0,23,0,1,0,0,0,0.07,0.01,0.08,0.7,0,7,1.0,55.0,89014,0,0
432,Mainoo,Man Utd,MID,2,18,12,1,79,1,4,0,0,0,0.14,0.27,0.41,3.1,0,25,15.0,55.0,93316,3460,13693
432,Mainoo,Man Utd,MID,3,30,9,0,83,1,9,0,1,0,0.0,0.07,0.07,5.9,2,32,15.0,55.0,117218,19482,13131
434,J.Fletcher,Man Utd,MID,1,4,11,0,0,0,0,0,0,0,0.0,0.0,0.0,0.0,0,0,0.0,50.0,1008,0,0
434,J.Fletcher,Man Utd,MID,2,18,12,1,0,0,0,0,0,0,0.0,0.0,0.0,0.0,0,0,0.0,50.0,1094,41,169
434,J.Fletcher,Man Utd,MID,3,30,9,0,0,0,0,0,0,0,0.0,0.0,0.0,0.0,0,0,0.0,50.0,1121,84,186
436,Collyer,Man Utd,MID,1,4,11,0,0,0,0,0,0,0,0.0,0.0,0.0,0.0,0,0,0.0,50.0,1568,0,0
436,Collyer,Man Utd,MID,2,18,12,1,0,0,0,0,0,0,0.0,0.0,0.0,0.0,0,0,0.0,50.0,1667,60,234
436,Collyer,Man Utd,MID,3,30,9,0,0,0,0,0,0,0,0.0,0.0,0.0,0.0,0,0,0.0,50.0,1461,90,381
433,Ugarte,Man Utd,MID,1,4,11,0,0,0,0,0,0,0,0.0,0.0,0.0,0.0,0,0,0.0,50.0,333,0,0
433,Ugarte,Man Utd,MID,2,18,12,1,0,0,0,0,0,0,0.0,0.0,0.0,0.0,0,0,0.0,50.0,348,24,88
433,Ugarte,Man Utd,MID,3,30,9,0,0,0,0,0,0,0,0.0,0.0,0.0,0.0,0,0,0.0,50.0,371,32,69
439,Šeško,Man Utd,FWD,1,4,11,0,23,0,1,0,0,0,0.04,0.0,0.04,0.9,0,2,0.0,70.0,114788,0,0
439,Šeško,Man Utd,FWD,2,18,12,1,10,0,1,0,0,0,0.0,0.01,0.01,1.5,0,5,3.0,70.0,181866,30554,15126
439,Šeško,Man Utd,FWD,3,30,9,0,20,0,5,1,0,0,0.29,0.0,0.29,5.2,0,28,0.0,70.0,161952,15581,48500
438,Fletcher,Man Utd,MID,1,4,11,0,0,0,0,0,0,0,0.0,0.0,0.0,0.0,0,0,0.0,45.0,31336,0,0
438,Fletcher,Man Utd,MID,2,18,12,1,0,0,0,0,0,0,0.0,0.0,0.0,0.0,0,0,0.0,45.0,32667,1328,3984
438,Fletcher,Man Utd,MID,3,30,9,0,0,0,0,0,0,0,0.0,0.0,0.0,0.0,0,0,0.0,45.0,32226,1884,4320
435,Lacey,Man Utd,MID,1,4,11,0,10,0,1,0,0,0,0.0,0.0,0.0,0.1,0,3,1.0,50.0,4147,0,0
435,Lacey,Man Utd,MID,2,18,12,1,0,0,0,0,0,0,0.0,0.0,0.0,0.0,0,0,0.0,50.0,4851,327,590
435,Lacey,Man Utd,MID,3,30,9,0,0,0,0,0,0,0,0.0,0.0,0.0,0.0,0,0,0.0,50.0,5286,298,1038
437,Bendito Mantato,Man Utd,MID,1,4,11,0,0,0,0,0,0,0,0.0,0.0,0.0,0.0,0,0,0.0,45.0,16079,0,0
437,Bendito Mantato,Man Utd,MID,2,18,12,1,0,0,0,0,0,0,0.0,0.0,0.0,0.0,0,0,0.0,45.0,17670,961,2371
437,Bendito Mantato,Man Utd,MID,3,30,9,0,0,0,0,0,0,0,0.0,0.0,0.0,0.0,0,0,0.0,45.0,18885,1762,2696
441,Obi,Man Utd,FWD,1,4,11,0,0,0,0,0,0,0,0.0,0.0,0.0,0.0,0,0,0.0,45.0,100521,0,0
441,Obi,Man Utd,FWD,2,18,12,1,0,0,0,0,0,0,0.0,0.0,0.0,0.0,0,0,0.0,45.0,109991,6316,11569
441,Obi,Man Utd,FWD,3,30,9,0,0,0,0,0,0,0,0.0,0.0,0.0,0.0,0,0,0.0,45.0,125871,19118,15838
442,Pope,Newcastle,GKP,1,9,14,1,0,0,0,0,0,0,0.0,0.0,0.0,0.0,0,0,0.0,50.0,113822,0,0
442,Pope,Newcastle,GKP,2,15,19,0,0,0,0,0,0,0,0.0,0.0,0.0,0.0,0,0,0.0,50.0,124934,2706,12304
442,Pope,Newcastle,GKP,3,27,3,1,0,0,0,0,0,0,0.0,0.0,0.0,0.0,0,0,0.0,50.0,115196,4952,19209
405,N.Gonzalez,Newcastle,MID,1,8,3,1,0,0,0,0,0,0,0.0,0.0,0.0,0.0,0,0,0.0,55.0,11878,0,0
405,N.Gonzalez,Newcastle,MID,2,15,19,0,70,1,2,0,0,1,0.0,0.2,0.2,3.7,0,9,4.0,55.0,15669,2387,1742
405,N.Gonzalez,Newcastle,MID,3,27,3,1,76,1,2,0,0,0,0.0,0.01,0.01,2.1,0,11,7.0,55.0,26047,10136,2973
440,Zirkzee,Man Utd,FWD,1,4,11,0,0,0,0,0,0,0,0.0,0.0,0.0,0.0,0,0,0.0,55.0,56060,0,0
440,Zirkzee,Man Utd,FWD,2,18,12,1,0,0,0,0,0,0,0.0,0.0,0.0,0.0,0,0,0.0,55.0,51589,2045,13131
440,Zirkzee,Man Utd,FWD,3,30,9,0,0,0,0,0,0,0,0.0,0.0,0.0,0.0,0,0,0.0,54.0,47734,5615,12906
445,Thiaw,Newcastle,DEF,1,9,14,1,90,1,3,0,0,0,0.0,0.0,0.0,3.8,0,0,15.0,50.0,146838,0,0
445,Thiaw,Newcastle,DEF,2,15,19,0,90,1,6,0,0,1,0.0,0.02,0.02,0.8,0,25,3.0,50.0,175248,19798,10898
445,Thiaw,Newcastle,DEF,3,27,3,1,90,1,-1,0,0,0,0.0,0.05,0.05,2.2,0,0,3.0,50.0,238054,72237,31963
448,Burn,Newcastle,DEF,1,9,14,1,0,0,0,0,0,0,0.0,0.0,0.0,0.0,0,0,0.0,50.0,213973,0,0
448,Burn,Newcastle,DEF,2,15,19,0,0,0,0,0,0,0,0.0,0.0,0.0,0.0,0,0,0.0,50.0,159459,6247,75311
448,Burn,Newcastle,DEF,3,27,3,1,0,0,0,0,0,0,0.0,0.0,0.0,0.0,0,0,0.0,49.0,114109,549,46968
443,Gillespie,Newcastle,GKP,1,9,14,1,0,0,0,0,0,0,0.0,0.0,0.0,0.0,0,0,0.0,45.0,2989,0,0
443,Gillespie,Newcastle,GKP,2,15,19,0,0,0,0,0,0,0,0.0,0.0,0.0,0.0,0,0,0.0,45.0,3435,162,231
443,Gillespie,Newcastle,GKP,3,27,3,1,0,0,0,0,0,0,0.0,0.0,0.0,0.0,0,0,0.0,45.0,3576,239,382
444,Jaouen,Newcastle,GKP,1,9,14,1,0,0,0,0,0,0,0.0,0.0,0.0,0.0,0,0,0.0,45.0,2666,0,0
444,Jaouen,Newcastle,GKP,2,15,19,0,0,0,0,0,0,0,0.0,0.0,0.0,0.0,0,0,0.0,45.0,2775,124,348
444,Jaouen,Newcastle,GKP,3,27,3,1,0,0,0,0,0,0,0.0,0.0,0.0,0.0,0,0,0.0,45.0,2647,182,461
447,Botman,Newcastle,DEF,1,9,14,1,90,1,3,0,0,0,0.0,0.01,0.01,3.3,0,4,10.0,50.0,34765,0,0
447,Botman,Newcastle,DEF,2,15,19,0,90,1,5,0,0,1,0.01,0.0,0.01,1.5,0,22,5.0,50.0,52947,8885,3282
447,Botman,Newcastle,DEF,3,27,3,1,90,1,1,0,0,0,0.0,0.16,0.16,3.1,0,3,9.0,50.0,69972,15452,6841
450,Livramento,Newcastle,DEF,1,9,14,1,0,0,0,0,0,0,0.0,0.0,0.0,0.0,0,0,0.0,50.0,4326,0,0
450,Livramento,Newcastle,DEF,2,15,19,0,0,0,0,0,0,0,0.0,0.0,0.0,0.0,0,0,0.0,50.0,3475,91,1228
450,Livramento,Newcastle,DEF,3,27,3,1,1,0,1,0,0,0,0.0,0.0,0.0,0.0,0,3,0.0,49.0,2841,115,860
446,Schär,Newcastle,DEF,1,9,14,1,1,0,1,0,0,0,0.0,0.0,0.0,0.0,0,-1,0.0,50.0,20496,0,0
446,Schär,Newcastle,DEF,2,15,19,0,0,0,0,0,0,0,0.0,0.0,0.0,0.0,0,0,0.0,50.0,26250,1895,1885
446,Schär,Newcastle,DEF,3,27,3,1,0,0,0,0,0,0,0.0,0.0,0.0,0.0,0,0,0.0,50.0,24845,2055,4893
456,J.Ramsey,Newcastle,MID,1,9,14,1,34,0,0,0,0,0,0.06,0.01,0.07,1.3,0,1,6.0,50.0,34032,0,0
456,J.Ramsey,Newcastle,MID,2,15,19,0,8,0,1,0,0,0,0.0,0.13,0.13,0.4,0,3,1.0,50.0,34073,1442,4680
456,J.Ramsey,Newcastle,MID,3,27,3,1,27,0,6,1,0,0,0.11,0.02,0.13,5.0,0,22,4.0,50.0,30127,1799,6552
451,A.Murphy,Newcastle,DEF,1,9,14,1,0,0,0,0,0,0,0.0,0.0,0.0,0.0,0,0,0.0,40.0,12873,0,0
451,A.Murphy,Newcastle,DEF,2,15,19,0,0,0,0,0,0,0,0.0,0.0,0.0,0.0,0,0,0.0,40.0,9468,0,3276
451,A.Murphy,Newcastle,DEF,3,27,3,1,0,0,0,0,0,0,0.0,0.0,0.0,0.0,0,0,0.0,40.0,7660,0,1826
449,Hall,Newcastle,DEF,1,9,14,1,90,1,3,0,0,0,0.0,0.35,0.35,3.7,0,8,11.0,50.0,310247,0,0
449,Hall,Newcastle,DEF,2,15,19,0,90,1,11,0,0,1,0.03,0.31,0.34,7.0,3,52,13.0,50.0,411061,52701,19436
449,Hall,Newcastle,DEF,3,27,3,1,89,1,4,0,1,0,0.01,0.01,0.02,4.4,0,20,6.0,51.0,1101917,576636,80066
457,J.Murphy,Newcastle,MID,1,9,14,1,14,0,0,0,0,0,0.0,0.0,0.0,0.1,0,-1,2.0,60.0,14816,0,0
457,J.Murphy,Newcastle,MID,2,15,19,0,8,0,1,0,0,0,0.0,0.2,0.2,0.7,0,3,3.0,60.0,15641,717,2682
457,J.Murphy,Newcastle,MID,3,27,3,1,13,0,1,0,0,0,0.0,0.0,0.0,0.1,0,5,1.0,59.0,14114,1115,3472
458,Joelinton,Newcastle,MID,1,9,14,1,0,0,0,0,0,0,0.0,0.0,0.0,0.0,0,0,0.0,55.0,3620,0,0
458,Joelinton,Newcastle,MID,2,15,19,0,0,0,0,0,0,0,0.0,0.0,0.0,0.0,0,0,0.0,55.0,2722,48,1068
458,Joelinton,Newcastle,MID,3,27,3,1,0,0,0,0,0,0,0.0,0.0,0.0,0.0,0,0,0.0,54.0,2235,86,632
454,Elanga,Newcastle,MID,1,9,14,1,75,1,9,1,0,0,0.22,0.01,0.23,6.9,2,31,2.0,60.0,64591,0,0
454,Elanga,Newcastle,MID,2,15,19,0,81,1,8,1,0,1,0.2,0.1,0.3,8.1,0,32,3.0,60.0,215548,95441,11873
454,Elanga,Newcastle,MID,3,27,3,1,76,1,1,0,0,0,0.0,0.23,0.23,4.4,0,8,4.0,61.0,1142637,810672,94469
453,Barnes,Newcastle,MID,1,9,14,1,90,1,2,0,0,0,0.07,0.02,0.09,1.7,0,12,8.0,60.0,95531,0,0
453,Barnes,Newcastle,MID,2,15,19,0,90,1,3,0,0,1,0.04,0.01,0.05,3.6,0,9,4.0,60.0,113402,14995,10330
453,Barnes,Newcastle,MID,3,27,3,1,90,1,12,1,1,0,0.11,0.03,0.14,5.9,2,37,6.0,60.0,122479,25187,22741
460,Willock,Newcastle,MID,1,9,14,1,34,0,6,1,0,0,0.09,0.17,0.26,6.1,0,28,3.0,50.0,10181,0,0
460,Willock,Newcastle,MID,2,15,19,0,70,1,3,0,0,1,0.07,0.02,0.09,0.5,0,0,2.0,50.0,24746,8763,1932
460,Willock,Newcastle,MID,3,27,3,1,62,1,2,0,0,0,0.36,0.01,0.37,1.9,0,6,3.0,50.0,45043,22227,7742
464,Wissa,Newcastle,FWD,1,9,14,1,90,1,4,0,1,0,1.0,0.02,1.02,6.4,0,7,8.0,60.0,142989,0,0
464,Wissa,Newcastle,FWD,2,15,19,0,81,1,8,1,0,1,0.35,0.0,0.35,9.2,2,37,6.0,60.0,359321,158957,24088
464,Wissa,Newcastle,FWD,3,27,3,1,90,1,1,0,0,0,0.0,0.03,0.03,0.7,0,7,3.0,61.0,1697200,1119139,89408
461,Touré,Newcastle,MID,1,9,14,1,0,0,0,0,0,0,0.0,0.0,0.0,0.0,0,0,0.0,60.0,22780,0,0
461,Touré,Newcastle,MID,2,15,19,0,1,0,1,0,0,0,0.0,0.0,0.0,0.0,0,3,0.0,60.0,20967,513,4458
461,Touré,Newcastle,MID,3,27,3,1,0,0,0,0,0,0,0.0,0.0,0.0,0.0,0,0,0.0,59.0,15932,657,6230
463,Woltemade,Newcastle,FWD,1,9,14,1,0,0,0,0,0,0,0.0,0.0,0.0,0.0,0,0,0.0,60.0,151424,0,0
463,Woltemade,Newcastle,FWD,2,15,19,0,19,0,4,0,1,0,0.02,0.01,0.03,4.0,0,18,0.0,60.0,150038,7193,30784
463,Woltemade,Newcastle,FWD,3,27,3,1,0,0,0,0,0,0,0.0,0.0,0.0,0.0,0,0,0.0,59.0,103336,7327,56776
459,L.Miley,Newcastle,MID,1,9,14,1,75,1,3,0,0,0,0.05,0.01,0.06,4.0,0,13,13.0,55.0,4093,0,0
459,L.Miley,Newcastle,MID,2,15,19,0,90,1,3,0,0,1,0.0,0.04,0.04,2.6,0,16,9.0,55.0,6985,1391,534
459,L.Miley,Newcastle,MID,3,27,3,1,62,1,2,0,0,0,0.0,0.02,0.02,0.6,0,11,4.0,55.0,8538,2211,1582
462,Steur,Newcastle,MID,1,9,14,1,55,1,1,0,0,0,0.0,0.0,0.0,0.2,0,3,2.0,50.0,9830,0,0
462,Steur,Newcastle,MID,2,15,19,0,19,0,1,0,0,0,0.0,0.0,0.0,0.5,0,4,3.0,50.0,10539,762,1000
462,Steur,Newcastle,MID,3,27,3,1,13,0,1,0,0,0,0.0,0.0,0.0,0.3,0,3,2.0,50.0,8925,584,2347
466,Neave,Newcastle,FWD,1,9,14,1,0,0,0,0,0,0,0.0,0.0,0.0,0.0,0,0,0.0,45.0,66588,0,0
466,Neave,Newcastle,FWD,2,15,19,0,0,0,0,0,0,0,0.0,0.0,0.0,0.0,0,0,0.0,45.0,75688,6478,8125
466,Neave,Newcastle,FWD,3,27,3,1,0,0,0,0,0,0,0.0,0.0,0.0,0.0,0,0,0.0,45.0,87795,17327,13399
465,Osula,Newcastle,FWD,1,9,14,1,55,1,4,0,1,0,0.06,0.14,0.2,5.0,0,18,5.0,60.0,83021,0,0
465,Osula,Newcastle,FWD,2,15,19,0,0,0,0,0,0,0,0.0,0.0,0.0,0.0,0,0,0.0,60.0,90550,20344,26507
465,Osula,Newcastle,FWD,3,27,3,1,0,0,0,0,0,0,0.0,0.0,0.0,0.0,0,0,0.0,59.0,51608,557,38249
167,Delap,Nott'm Forest,FWD,1,10,10,0,0,0,0,0,0,0,0.0,0.0,0.0,0.0,0,0,0.0,55.0,40156,0,0
167,Delap,Nott'm Forest,FWD,2,14,14,0,24,0,1,0,0,0,0.07,0.0,0.07,2.1,0,9,0.0,55.0,48067,7740,7565
167,Delap,Nott'm Forest,FWD,3,28,19,1,73,1,2,0,0,1,0.06,0.06,0.12,2.8,0,6,5.0,55.0,83350,36946,11977
467,Sels,Nott'm Forest,GKP,1,6,13,1,90,1,2,0,0,0,0.0,0.0,0.0,1.4,0,11,0.0,50.0,140711,0,0
467,Sels,Nott'm Forest,GKP,2,14,14,0,90,1,1,0,0,0,0.0,0.01,0.01,1.7,0,6,0.0,50.0,148147,3350,11746
467,Sels,Nott'm Forest,GKP,3,28,19,1,90,1,6,0,0,1,0.0,0.0,0.0,0.2,0,21,0.0,50.0,143042,8404,18223
593,Dedić,Newcastle,DEF,1,9,14,1,90,1,1,0,0,0,0.03,0.0,0.03,2.3,0,-1,9.0,45.0,20712,0,0
593,Dedić,Newcastle,DEF,2,15,19,0,90,1,11,0,1,1,0.0,0.06,0.06,7.3,2,37,8.0,45.0,36928,10359,2156
593,Dedić,Newcastle,DEF,3,27,3,1,90,1,1,0,0,0,0.11,0.02,0.13,1.7,0,3,1.0,45.0,365061,318645,49203
567,Horníček,Newcastle,GKP,1,9,14,1,90,1,1,0,0,0,0.0,0.0,0.0,4.1,0,12,0.0,50.0,55382,0,0
567,Horníček,Newcastle,GKP,2,15,19,0,90,1,7,0,0,1,0.0,0.0,0.0,3.5,0,32,0.0,50.0,70807,5537,4258
567,Horníček,Newcastle,GKP,3,27,3,1,90,1,2,0,0,0,0.0,0.0,0.0,3.3,0,12,0.0,50.0,125893,58261,19107
609,Shahar,Newcastle,DEF,1,9,14,1,0,0,0,0,0,0,0.0,0.0,0.0,0.0,0,0,0.0,40.0,0,0,0
609,Shahar,Newcastle,DEF,2,15,19,0,0,0,0,0,0,0,0.0,0.0,0.0,0.0,0,0,0.0,40.0,11777,3993,645
609,Shahar,Newcastle,DEF,3,27,3,1,0,0,0,0,0,0,0.0,0.0,0.0,0.0,0,0,0.0,40.0,31239,10871,3316
634,Fernandez-Pardo,Newcastle,FWD,3,27,3,1,27,0,1,0,0,0,0.0,0.0,0.0,0.7,0,4,1.0,60.0,5694,5384,586
468,John,Nott'm Forest,GKP,1,6,13,1,0,0,0,0,0,0,0.0,0.0,0.0,0.0,0,0,0.0,45.0,5970,0,0
468,John,Nott'm Forest,GKP,2,14,14,0,0,0,0,0,0,0,0.0,0.0,0.0,0.0,0,0,0.0,45.0,6338,178,466
468,John,Nott'm Forest,GKP,3,28,19,1,0,0,0,0,0,0,0.0,0.0,0.0,0.0,0,0,0.0,45.0,6270,259,651
471,Milenković,Nott'm Forest,DEF,1,6,13,1,90,1,2,0,0,0,0.11,0.02,0.13,2.2,0,4,7.0,55.0,173511,0,0
471,Milenković,Nott'm Forest,DEF,2,14,14,0,90,1,3,0,0,0,0.0,0.0,0.0,1.7,0,3,13.0,55.0,176049,2591,17041
471,Milenković,Nott'm Forest,DEF,3,28,19,1,90,1,7,0,0,1,0.0,0.01,0.01,3.1,0,27,11.0,55.0,168090,5627,17848
469,N.Williams,Nott'm Forest,DEF,1,6,13,1,90,1,2,0,0,0,0.0,0.02,0.02,2.7,0,13,6.0,50.0,924685,0,0
469,N.Williams,Nott'm Forest,DEF,2,14,14,0,90,1,6,0,1,0,0.12,0.15,0.27,6.6,0,16,12.0,50.0,880209,14150,82134
469,N.Williams,Nott'm Forest,DEF,3,28,19,1,90,1,7,0,0,1,0.0,0.07,0.07,2.6,1,28,6.0,50.0,851007,53518,88698
559,Bamba,Newcastle,MID,1,9,14,1,14,0,1,0,0,0,0.0,0.0,0.0,0.4,0,5,2.0,50.0,12608,0,0
559,Bamba,Newcastle,MID,2,15,19,0,0,0,0,0,0,0,0.0,0.0,0.0,0.0,0,0,0.0,50.0,13188,690,1667
559,Bamba,Newcastle,MID,3,27,3,1,0,0,0,0,0,0,0.0,0.0,0.0,0.0,0,0,0.0,50.0,11930,834,2622
472,Murillo,Nott'm Forest,DEF,1,6,13,1,90,1,4,0,0,0,0.0,0.28,0.28,5.8,0,15,14.0,55.0,134909,0,0
472,Murillo,Nott'm Forest,DEF,2,14,14,0,90,1,1,0,0,0,0.18,0.0,0.18,2.0,0,2,6.0,55.0,162661,8580,11837
472,Murillo,Nott'm Forest,DEF,3,28,19,1,89,1,8,0,0,1,0.17,0.0,0.17,2.9,0,25,10.0,55.0,160118,9660,20152
470,Morato,Nott'm Forest,DEF,1,6,13,1,0,0,0,0,0,0,0.0,0.0,0.0,0.0,0,0,0.0,50.0,4345,0,0
470,Morato,Nott'm Forest,DEF,2,14,14,0,0,0,0,0,0,0,0.0,0.0,0.0,0.0,0,0,0.0,50.0,4633,230,667
470,Morato,Nott'm Forest,DEF,3,28,19,1,0,0,0,0,0,0,0.0,0.0,0.0,0.0,0,0,0.0,50.0,3599,194,1366
473,Aina,Nott'm Forest,DEF,1,6,13,1,73,1,5,0,0,1,0.04,0.17,0.21,6.3,0,24,2.0,45.0,328883,0,0
473,Aina,Nott'm Forest,DEF,2,14,14,0,85,1,0,0,0,0,0.0,0.35,0.35,3.1,0,2,5.0,45.0,345943,17770,22837
473,Aina,Nott'm Forest,DEF,3,28,19,1,58,1,1,0,0,0,0.0,0.0,0.0,1.4,0,8,7.0,45.0,313105,20608,51010
201,Muñoz,Nott'm Forest,DEF,1,3,9,0,54,1,0,0,0,0,0.23,0.01,0.24,2.4,0,-4,4.0,55.0,873015,0,0
201,Muñoz,Nott'm Forest,DEF,2,11,15,1,0,0,0,0,0,0,0.0,0.0,0.0,0.0,0,0,0.0,55.0,815530,15645,125426
201,Muñoz,Nott'm Forest,DEF,3,28,19,1,31,0,1,0,0,0,0.03,0.0,0.03,0.7,0,5,1.0,54.0,658550,23260,181718
480,Gibbs-White,Nott'm Forest,MID,1,6,13,1,90,1,2,0,0,0,0.13,0.06,0.19,2.4,0,10,3.0,80.0,1039647,0,0
480,Gibbs-White,Nott'm Forest,MID,2,14,14,0,90,1,13,1,1,0,0.79,0.04,0.83,8.6,3,36,5.0,80.0,815842,8780,283093
480,Gibbs-White,Nott'm Forest,MID,3,28,19,1,90,1,3,0,0,1,0.48,0.01,0.49,2.2,0,3,7.0,79.0,1065969,215196,112670
474,Jair Cunha,Nott'm Forest,DEF,1,6,13,1,90,1,1,0,0,0,0.0,0.0,0.0,2.2,0,5,8.0,45.0,19663,0,0
474,Jair Cunha,Nott'm Forest,DEF,2,14,14,0,90,1,1,0,0,0,0.0,0.0,0.0,1.5,0,6,8.0,45.0,21029,259,1559
474,Jair Cunha,Nott'm Forest,DEF,3,28,19,1,90,1,8,0,0,1,0.03,0.01,0.04,2.2,0,24,12.0,45.0,20256,924,1994
476,O.Richards,Nott'm Forest,DEF,1,6,13,1,0,0,0,0,0,0,0.0,0.0,0.0,0.0,0,0,0.0,40.0,23191,0,0
476,O.Richards,Nott'm Forest,DEF,2,14,14,0,0,0,0,0,0,0,0.0,0.0,0.0,0.0,0,0,0.0,40.0,23167,495,2008
476,O.Richards,Nott'm Forest,DEF,3,28,19,1,0,0,0,0,0,0,0.0,0.0,0.0,0.0,0,0,0.0,40.0,23523,1258,2116
475,Savona,Nott'm Forest,DEF,1,6,13,1,0,0,0,0,0,0,0.0,0.0,0.0,0.0,0,0,0.0,45.0,209,0,0
475,Savona,Nott'm Forest,DEF,2,14,14,0,0,0,0,0,0,0,0.0,0.0,0.0,0.0,0,0,0.0,45.0,304,113,48
475,Savona,Nott'm Forest,DEF,3,28,19,1,0,0,0,0,0,0,0.0,0.0,0.0,0.0,0,0,0.0,45.0,221,34,131
487,Dominguez,Nott'm Forest,MID,1,6,13,1,0,0,0,0,0,0,0.0,0.0,0.0,0.0,0,0,0.0,50.0,7576,0,0
487,Dominguez,Nott'm Forest,MID,2,14,14,0,1,0,1,0,0,0,0.0,0.0,0.0,0.0,0,3,0.0,50.0,7613,214,1062
487,Dominguez,Nott'm Forest,MID,3,28,19,1,0,0,0,0,0,0,0.0,0.0,0.0,0.0,0,0,0.0,50.0,7052,358,1146
478,Netz,Nott'm Forest,DEF,1,6,13,1,16,0,1,0,0,0,0.0,0.0,0.0,0.1,0,-2,0.0,45.0,2322,0,0
478,Netz,Nott'm Forest,DEF,2,14,14,0,4,0,1,0,0,0,0.0,0.0,0.0,0.2,0,5,1.0,45.0,3516,112,288
478,Netz,Nott'm Forest,DEF,3,28,19,1,0,0,0,0,0,0,0.0,0.0,0.0,0.0,0,0,0.0,45.0,3401,168,472
489,Yates,Nott'm Forest,MID,1,6,13,1,0,0,0,0,0,0,0.0,0.0,0.0,0.0,0,0,0.0,45.0,177323,0,0
489,Yates,Nott'm Forest,MID,2,14,14,0,0,0,0,0,0,0,0.0,0.0,0.0,0.0,0,0,0.0,45.0,142945,1743,37083
489,Yates,Nott'm Forest,MID,3,28,19,1,0,0,0,0,0,0,0.0,0.0,0.0,0.0,0,0,0.0,45.0,152628,17319,18183
479,Bindon,Nott'm Forest,DEF,1,6,13,1,0,0,0,0,0,0,0.0,0.0,0.0,0.0,0,0,0.0,40.0,18342,0,0
479,Bindon,Nott'm Forest,DEF,2,14,14,0,0,0,0,0,0,0,0.0,0.0,0.0,0.0,0,0,0.0,40.0,18138,365,1417
479,Bindon,Nott'm Forest,DEF,3,28,19,1,0,0,0,0,0,0,0.0,0.0,0.0,0.0,0,0,0.0,40.0,15742,434,2941
491,Igor Jesus,Nott'm Forest,FWD,1,6,13,1,90,1,2,0,0,0,0.22,0.02,0.24,4.3,0,8,3.0,60.0,389784,0,0
491,Igor Jesus,Nott'm Forest,FWD,2,14,14,0,90,1,1,0,0,0,0.74,0.04,0.78,6.0,0,4,5.0,60.0,361702,10237,58550
491,Igor Jesus,Nott'm Forest,FWD,3,28,19,1,31,0,1,0,0,0,0.0,0.0,0.0,0.2,0,3,1.0,59.0,307784,25411,81723
490,Wood,Nott'm Forest,FWD,1,6,13,1,28,0,1,0,0,0,0.12,0.01,0.13,0.4,0,3,1.0,60.0,159951,0,0
490,Wood,Nott'm Forest,FWD,2,14,14,0,0,0,0,0,0,0,0.0,0.0,0.0,0.0,0,0,0.0,60.0,152998,4569,29351
490,Wood,Nott'm Forest,FWD,3,28,19,1,16,0,1,0,0,0,0.0,0.0,0.0,0.0,0,3,0.0,59.0,121647,7780,42908
477,Abbott,Nott'm Forest,DEF,1,6,13,1,0,0,0,0,0,0,0.0,0.0,0.0,0.0,0,0,0.0,40.0,23851,0,0
477,Abbott,Nott'm Forest,DEF,2,14,14,0,0,0,0,0,0,0,0.0,0.0,0.0,0.0,0,0,0.0,40.0,24822,996,2223
477,Abbott,Nott'm Forest,DEF,3,28,19,1,0,0,0,0,0,0,0.0,0.0,0.0,0.0,0,0,0.0,40.0,22912,1463,4265
493,Kalimuendo,Nott'm Forest,FWD,1,6,13,1,1,0,1,0,0,0,0.0,0.0,0.0,0.0,0,3,0.0,55.0,4138,0,0
493,Kalimuendo,Nott'm Forest,FWD,2,14,14,0,0,0,0,0,0,0,0.0,0.0,0.0,0.0,0,0,0.0,55.0,5177,339,757
493,Kalimuendo,Nott'm Forest,FWD,3,28,19,1,0,0,0,0,0,0,0.0,0.0,0.0,0.0,0,0,0.0,54.0,5117,838,1249
486,McAtee,Nott'm Forest,MID,1,6,13,1,73,1,3,0,0,1,0.0,0.16,0.16,5.4,0,18,8.0,55.0,3147,0,0
486,McAtee,Nott'm Forest,MID,2,14,14,0,90,1,2,0,0,0,0.0,0.16,0.16,2.7,0,16,8.0,55.0,5218,674,475
486,McAtee,Nott'm Forest,MID,3,28,19,1,90,1,2,0,0,1,0.13,0.22,0.35,8.4,0,22,7.0,55.0,8416,3393,1528
488,I.Sangaré,Nott'm Forest,MID,1,6,13,1,90,1,2,0,0,0,0.03,0.01,0.04,3.4,0,10,6.0,50.0,100536,0,0
488,I.Sangaré,Nott'm Forest,MID,2,14,14,0,0,0,0,0,0,0,0.0,0.0,0.0,0.0,0,0,0.0,50.0,88298,2850,17977
488,I.Sangaré,Nott'm Forest,MID,3,28,19,1,0,0,0,0,0,0,0.0,0.0,0.0,0.0,0,0,0.0,49.0,60777,1817,28479
482,Hudson-Odoi,Nott'm Forest,MID,1,6,13,1,0,0,0,0,0,0,0.0,0.0,0.0,0.0,0,0,0.0,60.0,23579,0,0
482,Hudson-Odoi,Nott'm Forest,MID,2,14,14,0,1,0,1,0,0,0,0.0,0.0,0.0,0.0,0,2,0.0,60.0,21667,726,5484
482,Hudson-Odoi,Nott'm Forest,MID,3,28,19,1,0,0,0,0,0,0,0.0,0.0,0.0,0.0,0,0,0.0,59.0,19189,1609,4924
483,Ndoye,Nott'm Forest,MID,1,6,13,1,61,1,3,0,0,1,0.0,0.0,0.0,0.4,0,5,3.0,55.0,39539,0,0
483,Ndoye,Nott'm Forest,MID,2,14,14,0,65,1,9,1,0,0,0.35,0.63,0.98,9.5,2,30,9.0,55.0,39501,1491,5262
483,Ndoye,Nott'm Forest,MID,3,28,19,1,58,1,1,0,0,0,0.0,0.0,0.0,0.1,0,5,5.0,55.0,73790,33732,11281
484,Hutchinson,Nott'm Forest,MID,1,6,13,1,0,0,0,0,0,0,0.0,0.0,0.0,0.0,0,0,0.0,55.0,15797,0,0
484,Hutchinson,Nott'm Forest,MID,2,14,14,0,0,0,0,0,0,0,0.0,0.0,0.0,0.0,0,0,0.0,55.0,15837,214,2246
484,Hutchinson,Nott'm Forest,MID,3,28,19,1,0,0,0,0,0,0,0.0,0.0,0.0,0.0,0,0,0.0,54.0,11458,213,4613
485,Bakwa,Nott'm Forest,MID,1,6,13,1,0,0,0,0,0,0,0.0,0.0,0.0,0.0,0,0,0.0,55.0,1373,0,0
485,Bakwa,Nott'm Forest,MID,2,14,14,0,0,0,0,0,0,0,0.0,0.0,0.0,0.0,0,0,0.0,55.0,1297,107,405
485,Bakwa,Nott'm Forest,MID,3,28,19,1,0,0,0,0,0,0,0.0,0.0,0.0,0.0,0,0,0.0,55.0,761,0,532
558,Schlager,Nott'm Forest,MID,1,6,13,1,16,0,1,0,0,0,0.0,0.0,0.0,0.4,0,3,1.0,50.0,10065,0,0
558,Schlager,Nott'm Forest,MID,2,14,14,0,90,1,4,0,0,0,0.05,0.0,0.05,2.9,0,15,15.0,50.0,9781,158,1144
558,Schlager,Nott'm Forest,MID,3,28,19,1,90,1,3,0,0,1,0.03,0.06,0.09,1.5,0,18,10.0,50.0,10377,1419,1320
401,Marmoush,Spurs,FWD,1,8,3,1,0,0,0,0,0,0,0.0,0.0,0.0,0.0,0,0,0.0,70.0,80421,0,0
401,Marmoush,Spurs,FWD,2,15,17,1,90,1,2,0,0,0,0.17,0.07,0.24,7.2,0,14,4.0,70.0,131884,39808,19361
401,Marmoush,Spurs,FWD,3,28,18,0,83,1,2,0,0,1,0.17,0.01,0.18,1.0,0,6,0.0,70.0,232425,100495,35588
581,Diomande,Nott'm Forest,DEF,1,6,13,1,0,0,0,0,0,0,0.0,0.0,0.0,0.0,0,0,0.0,55.0,67092,0,0
581,Diomande,Nott'm Forest,DEF,2,14,14,0,0,0,0,0,0,0,0.0,0.0,0.0,0.0,0,0,0.0,55.0,71062,3484,12101
581,Diomande,Nott'm Forest,DEF,3,28,19,1,1,0,1,0,0,0,0.0,0.0,0.0,0.0,0,3,0.0,54.0,61213,3142,15932
112,Van Hecke,Spurs,DEF,1,2,4,0,90,1,1,0,0,0,0.0,0.03,0.03,3.3,0,3,9.0,50.0,955905,0,0
112,Van Hecke,Spurs,DEF,2,15,17,1,90,1,1,0,0,0,0.11,0.03,0.14,7.3,0,9,8.0,50.0,945549,36604,98768
112,Van Hecke,Spurs,DEF,3,28,18,0,90,1,8,0,0,1,0.09,0.01,0.1,4.0,2,29,4.0,49.0,733037,21192,219579
590,Benda,Nott'm Forest,GKP,1,6,13,1,0,0,0,0,0,0,0.0,0.0,0.0,0.0,0,0,0.0,45.0,5245,0,0
590,Benda,Nott'm Forest,GKP,2,14,14,0,0,0,0,0,0,0,0.0,0.0,0.0,0.0,0,0,0.0,45.0,6630,625,544
590,Benda,Nott'm Forest,GKP,3,28,19,1,0,0,0,0,0,0,0.0,0.0,0.0,0.0,0,0,0.0,45.0,7389,950,871
455,Tonali,Spurs,MID,1,2,4,0,90,1,2,0,0,0,0.04,0.06,0.1,2.1,0,14,4.0,55.0,376914,0,0
455,Tonali,Spurs,MID,2,15,17,1,74,1,2,0,0,0,0.05,0.02,0.07,3.5,0,16,4.0,55.0,369291,14119,52216
455,Tonali,Spurs,MID,3,28,18,0,90,1,5,0,0,1,0.0,0.01,0.01,3.1,0,22,12.0,54.0,288825,14031,97316
147,Tosin,Spurs,DEF,1,10,10,0,0,0,0,0,0,0,0.0,0.0,0.0,0.0,0,0,0.0,45.0,18070,0,0
147,Tosin,Spurs,DEF,2,16,5,1,0,0,0,0,0,0,0.0,0.0,0.0,0.0,0,0,0.0,45.0,19280,263,2120
147,Tosin,Spurs,DEF,3,28,18,0,0,0,0,0,0,0,0.0,0.0,0.0,0.0,0,0,0.0,45.0,17692,553,2557
403,Sávio,Spurs,MID,1,8,3,1,0,0,0,0,0,0,0.0,0.0,0.0,0.0,0,0,0.0,65.0,23783,0,0
403,Sávio,Spurs,MID,2,15,17,1,0,0,0,0,0,0,0.0,0.0,0.0,0.0,0,0,0.0,65.0,92925,55747,6864
403,Sávio,Spurs,MID,3,28,18,0,60,1,3,0,0,1,0.02,0.27,0.29,3.9,0,15,0.0,65.0,68277,15136,38806
503,Van de Ven,Spurs,DEF,1,2,4,0,0,0,0,0,0,0,0.0,0.0,0.0,0.0,0,0,0.0,50.0,522301,0,0
503,Van de Ven,Spurs,DEF,2,15,17,1,90,1,0,0,0,0,0.0,0.02,0.02,1.7,0,5,8.0,50.0,422798,8374,124703
503,Van de Ven,Spurs,DEF,3,28,18,0,90,1,9,0,0,1,0.57,0.0,0.57,3.7,3,30,9.0,50.0,380320,16557,78016
496,Kinsky,Spurs,GKP,1,2,4,0,90,1,2,0,0,0,0.0,0.0,0.0,4.4,0,15,0.0,45.0,2208330,0,0
496,Kinsky,Spurs,GKP,2,15,17,1,90,1,1,0,0,0,0.0,0.0,0.0,0.4,0,4,0.0,45.0,2247365,40625,82151
496,Kinsky,Spurs,GKP,3,28,18,0,90,1,6,0,0,1,0.0,0.0,0.0,2.0,0,24,0.0,45.0,1949396,46420,272139
494,Vicario,Spurs,GKP,1,2,4,0,0,0,0,0,0,0,0.0,0.0,0.0,0.0,0,0,0.0,45.0,35657,0,0
494,Vicario,Spurs,GKP,2,15,17,1,0,0,0,0,0,0,0.0,0.0,0.0,0.0,0,0,0.0,45.0,23872,0,11437
494,Vicario,Spurs,GKP,3,28,18,0,0,0,0,0,0,0,0.0,0.0,0.0,0.0,0,0,0.0,45.0,18205,0,5759
506,Udogie,Spurs,DEF,1,2,4,0,4,0,1,0,0,0,0.0,0.02,0.02,0.0,0,3,0.0,45.0,43741,0,0
506,Udogie,Spurs,DEF,2,15,17,1,22,0,1,0,0,0,0.0,0.19,0.19,1.9,0,2,1.0,45.0,47523,1685,4692
506,Udogie,Spurs,DEF,3,28,18,0,60,1,5,0,0,1,0.0,0.02,0.02,0.8,0,16,3.0,45.0,43060,1127,6787
495,Austin,Spurs,GKP,1,2,4,0,0,0,0,0,0,0,0.0,0.0,0.0,0.0,0,0,0.0,40.0,78400,0,0
495,Austin,Spurs,GKP,2,15,17,1,0,0,0,0,0,0,0.0,0.0,0.0,0.0,0,0,0.0,40.0,88358,3212,3702
495,Austin,Spurs,GKP,3,28,18,0,0,0,0,0,0,0,0.0,0.0,0.0,0.0,0,0,0.0,40.0,104639,9717,5818
499,Pedro Porro,Spurs,DEF,1,2,4,0,0,0,0,0,0,0,0.0,0.0,0.0,0.0,0,0,0.0,55.0,1595087,0,0
499,Pedro Porro,Spurs,DEF,2,15,17,1,90,1,1,0,0,0,0.33,0.1,0.43,3.8,0,1,4.0,55.0,1331308,20574,317518
499,Pedro Porro,Spurs,DEF,3,28,18,0,90,1,7,0,0,1,0.03,0.06,0.09,5.5,1,28,4.0,55.0,1176909,48390,228185
505,Spence,Spurs,DEF,1,2,4,0,0,0,0,0,0,0,0.0,0.0,0.0,0.0,0,0,0.0,45.0,93085,0,0
505,Spence,Spurs,DEF,2,15,17,1,0,0,0,0,0,0,0.0,0.0,0.0,0.0,0,0,0.0,45.0,46576,0,45782
505,Spence,Spurs,DEF,3,28,18,0,0,0,0,0,0,0,0.0,0.0,0.0,0.0,0,0,0.0,45.0,33138,0,14294
510,Rowswell,Spurs,DEF,1,2,4,0,0,0,0,0,0,0,0.0,0.0,0.0,0.0,0,0,0.0,40.0,7021,0,0
510,Rowswell,Spurs,DEF,2,15,17,1,0,0,0,0,0,0,0.0,0.0,0.0,0.0,0,0,0.0,40.0,7895,335,695
510,Rowswell,Spurs,DEF,3,28,18,0,0,0,0,0,0,0,0.0,0.0,0.0,0.0,0,0,0.0,40.0,9320,898,923
497,Dubravka,Spurs,GKP,1,2,4,0,0,0,0,0,0,0,0.0,0.0,0.0,0.0,0,0,0.0,40.0,1778139,0,0
497,Dubravka,Spurs,GKP,2,15,17,1,0,0,0,0,0,0,0.0,0.0,0.0,0.0,0,0,0.0,40.0,1835588,35086,63817
497,Dubravka,Spurs,GKP,3,28,18,0,0,0,0,0,0,0,0.0,0.0,0.0,0.0,0,0,0.0,40.0,1908726,131012,118831
502,Robertson,Spurs,DEF,1,2,4,0,90,1,3,0,0,0,0.0,0.06,0.06,5.3,0,13,11.0,45.0,350993,0,0
502,Robertson,Spurs,DEF,2,15,17,1,67,1,2,0,0,0,0.06,0.02,0.08,5.3,0,7,3.0,45.0,379457,22171,23298
502,Robertson,Spurs,DEF,3,28,18,0,29,0,1,0,0,0,0.0,0.0,0.0,0.6,0,3,1.0,45.0,328965,13705,61351
500,Romero,Spurs,DEF,1,2,4,0,0,0,0,0,0,0,0.0,0.0,0.0,0.0,0,0,0.0,50.0,25814,0,0
500,Romero,Spurs,DEF,2,15,17,1,0,0,0,0,0,0,0.0,0.0,0.0,0.0,0,0,0.0,50.0,14805,0,10779
500,Romero,Spurs,DEF,3,28,18,0,0,0,0,0,0,0,0.0,0.0,0.0,0.0,0,0,0.0,50.0,11327,0,3763
498,Senesi,Spurs,DEF,1,2,4,0,90,1,3,0,0,0,0.0,0.02,0.02,3.9,0,10,16.0,60.0,724252,0,0
498,Senesi,Spurs,DEF,2,15,17,1,0,0,0,0,0,0,0.0,0.0,0.0,0.0,0,0,0.0,60.0,746751,15942,64235
498,Senesi,Spurs,DEF,3,28,18,0,0,0,0,0,0,0,0.0,0.0,0.0,0.0,0,0,0.0,59.0,558130,5382,190584
507,Phillips,Spurs,DEF,1,2,4,0,0,0,0,0,0,0,0.0,0.0,0.0,0.0,0,0,0.0,45.0,2583,0,0
507,Phillips,Spurs,DEF,2,15,17,1,0,0,0,0,0,0,0.0,0.0,0.0,0.0,0,0,0.0,45.0,1903,0,658
507,Phillips,Spurs,DEF,3,28,18,0,0,0,0,0,0,0,0.0,0.0,0.0,0.0,0,0,0.0,45.0,1605,0,312
511,Souza,Spurs,DEF,1,2,4,0,0,0,0,0,0,0,0.0,0.0,0.0,0.0,0,0,0.0,40.0,27254,0,0
511,Souza,Spurs,DEF,2,15,17,1,0,0,0,0,0,0,0.0,0.0,0.0,0.0,0,0,0.0,40.0,29162,1193,2694
511,Souza,Spurs,DEF,3,28,18,0,0,0,0,0,0,0,0.0,0.0,0.0,0.0,0,0,0.0,40.0,25220,1362,6142
512,Kudus,Spurs,MID,1,2,4,0,0,0,0,0,0,0,0.0,0.0,0.0,0.0,0,0,0.0,65.0,8272,0,0
512,Kudus,Spurs,MID,2,15,17,1,22,0,1,0,0,0,0.04,0.01,0.05,1.6,0,4,2.0,65.0,6789,269,2406
512,Kudus,Spurs,MID,3,28,18,0,29,0,1,0,0,0,0.0,0.16,0.16,2.2,0,13,3.0,65.0,12485,4599,2073
509,Byfield,Spurs,DEF,1,2,4,0,0,0,0,0,0,0,0.0,0.0,0.0,0.0,0,0,0.0,40.0,4794,0,0
509,Byfield,Spurs,DEF,2,15,17,1,0,0,0,0,0,0,0.0,0.0,0.0,0.0,0,0,0.0,40.0,5341,319,558
509,Byfield,Spurs,DEF,3,28,18,0,0,0,0,0,0,0,0.0,0.0,0.0,0.0,0,0,0.0,40.0,6404,719,648
508,Davies,Spurs,DEF,1,2,4,0,0,0,0,0,0,0,0.0,0.0,0.0,0.0,0,0,0.0,40.0,99420,0,0
508,Davies,Spurs,DEF,2,15,17,1,0,0,0,0,0,0,0.0,0.0,0.0,0.0,0,0,0.0,40.0,102932,2877,8983
508,Davies,Spurs,DEF,3,28,18,0,0,0,0,0,0,0,0.0,0.0,0.0,0.0,0,0,0.0,40.0,98874,4305,11767
513,Xavi,Spurs,MID,1,2,4,0,0,0,0,0,0,0,0.0,0.0,0.0,0.0,0,0,0.0,60.0,1345,0,0
513,Xavi,Spurs,MID,2,15,17,1,0,0,0,0,0,0,0.0,0.0,0.0,0.0,0,0,0.0,60.0,1453,77,356
513,Xavi,Spurs,MID,3,28,18,0,0,0,0,0,0,0,0.0,0.0,0.0,0.0,0,0,0.0,60.0,1296,78,369
514,Tel,Spurs,MID,1,2,4,0,90,1,2,0,0,0,0.06,0.06,0.12,4.5,0,17,8.0,60.0,50995,0,0
514,Tel,Spurs,MID,2,15,17,1,67,1,2,0,0,0,0.14,0.03,0.17,4.1,0,10,3.0,60.0,48495,4174,10461
514,Tel,Spurs,MID,3,28,18,0,73,1,3,0,0,1,0.0,0.05,0.05,4.7,0,11,2.0,59.0,30912,2049,19757
518,P.M.Sarr,Spurs,MID,1,2,4,0,0,0,0,0,0,0,0.0,0.0,0.0,0.0,0,0,0.0,50.0,25576,0,0
518,P.M.Sarr,Spurs,MID,2,15,17,1,0,0,0,0,0,0,0.0,0.0,0.0,0.0,0,0,0.0,49.0,15118,113,10464
518,P.M.Sarr,Spurs,MID,3,28,18,0,0,0,0,0,0,0,0.0,0.0,0.0,0.0,0,0,0.0,49.0,14992,4025,5807
519,Gallagher,Spurs,MID,1,2,4,0,45,1,0,0,0,0,0.02,0.06,0.08,0.5,0,1,3.0,55.0,26860,0,0
519,Gallagher,Spurs,MID,2,15,17,1,0,0,0,0,0,0,0.0,0.0,0.0,0.0,0,0,0.0,55.0,27438,1208,4647
519,Gallagher,Spurs,MID,3,28,18,0,83,1,3,0,0,1,0.0,0.06,0.06,1.7,0,23,11.0,54.0,22380,1024,6587
517,Odobert,Spurs,MID,1,2,4,0,0,0,0,0,0,0,0.0,0.0,0.0,0.0,0,0,0.0,55.0,100,0,0
517,Odobert,Spurs,MID,2,15,17,1,0,0,0,0,0,0,0.0,0.0,0.0,0.0,0,0,0.0,55.0,121,16,19
517,Odobert,Spurs,MID,3,28,18,0,0,0,0,0,0,0,0.0,0.0,0.0,0.0,0,0,0.0,55.0,117,27,38
520,Bergvall,Spurs,MID,1,2,4,0,45,1,1,0,0,0,0.0,0.01,0.01,0.0,0,2,8.0,55.0,18443,0,0
520,Bergvall,Spurs,MID,2,15,17,1,0,0,0,0,0,0,0.0,0.0,0.0,0.0,0,0,0.0,55.0,20234,635,2199
520,Bergvall,Spurs,MID,3,28,18,0,0,0,0,0,0,0,0.0,0.0,0.0,0.0,0,0,0.0,54.0,17646,482,3494
515,Maddison,Spurs,MID,1,2,4,0,22,0,1,0,0,0,0.0,0.01,0.01,2.1,0,6,2.0,65.0,119410,0,0
515,Maddison,Spurs,MID,2,15,17,1,0,0,0,0,0,0,0.0,0.0,0.0,0.0,0,0,0.0,65.0,96409,2686,36986
515,Maddison,Spurs,MID,3,28,18,0,0,0,0,0,0,0,0.0,0.0,0.0,0.0,0,0,0.0,64.0,57231,175,39058
516,Bentancur,Spurs,MID,1,2,4,0,45,0,1,0,0,0,0.0,0.01,0.01,1.7,0,8,5.0,55.0,17403,0,0
516,Bentancur,Spurs,MID,2,15,17,1,90,1,2,0,0,0,0.0,0.02,0.02,2.3,0,17,11.0,55.0,18887,602,2031
516,Bentancur,Spurs,MID,3,28,18,0,90,1,5,0,0,1,0.02,0.01,0.03,2.8,0,14,17.0,55.0,17786,831,2620
526,Solanke,Spurs,FWD,1,2,4,0,22,0,1,0,0,0,0.07,0.0,0.07,0.5,0,3,0.0,60.0,126667,0,0
526,Solanke,Spurs,FWD,2,15,17,1,15,0,1,0,0,0,0.2,0.0,0.2,1.0,0,6,0.0,60.0,131276,8212,20818
526,Solanke,Spurs,FWD,3,28,18,0,6,0,1,0,0,0,0.17,0.0,0.17,0.4,0,-1,1.0,59.0,106592,7532,35338
601,Williams-Barnett,Spurs,MID,1,2,4,0,0,0,0,0,0,0,0.0,0.0,0.0,0.0,0,0,0.0,45.0,0,0,0
601,Williams-Barnett,Spurs,MID,2,15,17,1,0,0,0,0,0,0,0.0,0.0,0.0,0.0,0,0,0.0,45.0,7704,2636,584
601,Williams-Barnett,Spurs,MID,3,28,18,0,0,0,0,0,0,0,0.0,0.0,0.0,0.0,0,0,0.0,45.0,13933,4467,2166
521,Kulusevski,Spurs,MID,1,2,4,0,0,0,0,0,0,0,0.0,0.0,0.0,0.0,0,0,0.0,65.0,949,0,0
521,Kulusevski,Spurs,MID,2,15,17,1,0,0,0,0,0,0,0.0,0.0,0.0,0.0,0,0,0.0,65.0,939,75,241
521,Kulusevski,Spurs,MID,3,28,18,0,0,0,0,0,0,0,0.0,0.0,0.0,0.0,0,0,0.0,65.0,912,87,177
527,Richarlison,Spurs,FWD,1,2,4,0,67,1,2,0,0,0,0.0,0.0,0.0,0.2,0,6,1.0,60.0,283639,0,0
527,Richarlison,Spurs,FWD,2,15,17,1,0,0,0,0,0,0,0.0,0.0,0.0,0.0,0,0,0.0,60.0,275481,14723,46471
527,Richarlison,Spurs,FWD,3,28,18,0,0,0,0,0,0,0,0.0,0.0,0.0,0.0,0,0,0.0,59.0,153916,6716,124229
522,Gray,Spurs,MID,1,2,4,0,85,1,2,0,0,0,0.0,0.01,0.01,1.0,0,15,5.0,50.0,19767,0,0
522,Gray,Spurs,MID,2,15,17,1,67,1,2,0,0,0,0.0,0.0,0.0,0.3,0,9,6.0,50.0,22329,1711,2544
522,Gray,Spurs,MID,3,28,18,0,0,0,0,0,0,0,0.0,0.0,0.0,0.0,0,0,0.0,50.0,21616,2161,4046
501,Danso,Sunderland,DEF,1,2,4,0,0,0,0,0,0,0,0.0,0.0,0.0,0.0,0,0,0.0,50.0,15516,0,0
501,Danso,Sunderland,DEF,2,15,17,1,0,0,0,0,0,0,0.0,0.0,0.0,0.0,0,0,0.0,50.0,17484,1020,2432
501,Danso,Sunderland,DEF,3,22,4,0,90,1,2,0,0,0,0.0,0.08,0.08,3.2,0,9,8.0,50.0,16199,1307,3312
523,Moore,Spurs,MID,1,2,4,0,67,1,2,0,0,0,0.38,0.02,0.4,7.5,0,10,2.0,50.0,17505,0,0
523,Moore,Spurs,MID,2,15,17,1,22,0,1,0,0,0,0.02,0.0,0.02,0.0,0,1,1.0,50.0,19021,2419,2526
523,Moore,Spurs,MID,3,28,18,0,0,0,0,0,0,0,0.0,0.0,0.0,0.0,0,0,0.0,50.0,13268,839,6489
578,Mudryk,Spurs,MID,1,10,10,0,0,0,0,0,0,0,0.0,0.0,0.0,0.0,0,0,0.0,55.0,3847,0,0
578,Mudryk,Spurs,MID,2,16,5,1,0,0,0,0,0,0,0.0,0.0,0.0,0.0,0,0,0.0,55.0,4222,234,976
578,Mudryk,Spurs,MID,3,28,18,0,16,0,1,0,0,0,0.0,0.0,0.0,0.1,0,3,0.0,54.0,7171,3534,1642
525,Fernandes,Spurs,MID,1,2,4,0,45,0,1,0,0,0,0.0,0.06,0.06,3.6,0,16,2.0,60.0,178624,0,0
525,Fernandes,Spurs,MID,2,15,17,1,90,1,2,0,0,0,0.01,0.17,0.18,6.1,0,18,8.0,60.0,160253,4529,31329
525,Fernandes,Spurs,MID,3,28,18,0,7,0,0,0,0,0,0.0,0.0,0.0,0.0,0,-1,0.0,59.0,123903,4942,43005
524,Olusesi,Spurs,MID,1,2,4,0,0,0,0,0,0,0,0.0,0.0,0.0,0.0,0,0,0.0,45.0,79913,0,0
524,Olusesi,Spurs,MID,2,15,17,1,0,0,0,0,0,0,0.0,0.0,0.0,0.0,0,0,0.0,45.0,79923,2014,9312
524,Olusesi,Spurs,MID,3,28,18,0,0,0,0,0,0,0,0.0,0.0,0.0,0.0,0,0,0.0,45.0,72776,1613,9466
528,Scarlett,Spurs,FWD,1,2,4,0,0,0,0,0,0,0,0.0,0.0,0.0,0.0,0,0,0.0,45.0,149807,0,0
528,Scarlett,Spurs,FWD,2,15,17,1,0,0,0,0,0,0,0.0,0.0,0.0,0.0,0,0,0.0,45.0,172295,13184,17180
528,Scarlett,Spurs,FWD,3,28,18,0,0,0,0,0,0,0,0.0,0.0,0.0,0.0,0,0,0.0,45.0,178567,29341,34749
531,Ellborg,Sunderland,GKP,1,5,12,0,0,0,0,0,0,0,0.0,0.0,0.0,0.0,0,0,0.0,45.0,8630,0,0
531,Ellborg,Sunderland,GKP,2,19,10,1,0,0,0,0,0,0,0.0,0.0,0.0,0.0,0,0,0.0,45.0,8877,209,854
531,Ellborg,Sunderland,GKP,3,22,4,0,0,0,0,0,0,0,0.0,0.0,0.0,0.0,0,0,0.0,45.0,8803,405,951
529,Roefs,Sunderland,GKP,1,5,12,0,90,1,1,0,0,0,0.0,0.0,0.0,1.5,0,7,0.0,50.0,397315,0,0
529,Roefs,Sunderland,GKP,2,19,10,1,90,1,6,0,0,1,0.0,0.0,0.0,0.4,0,22,0.0,50.0,389022,4766,30334
529,Roefs,Sunderland,GKP,3,22,4,0,90,1,2,0,0,0,0.0,0.0,0.0,1.3,0,11,0.0,50.0,342137,10237,49224
530,Patterson,Sunderland,GKP,1,5,12,0,0,0,0,0,0,0,0.0,0.0,0.0,0.0,0,0,0.0,40.0,18557,0,0
530,Patterson,Sunderland,GKP,2,19,10,1,0,0,0,0,0,0,0.0,0.0,0.0,0.0,0,0,0.0,40.0,16075,0,2307
530,Patterson,Sunderland,GKP,3,22,4,0,0,0,0,0,0,0,0.0,0.0,0.0,0.0,0,0,0.0,40.0,14484,0,1616
533,Mukiele,Sunderland,DEF,1,5,12,0,0,0,0,0,0,0,0.0,0.0,0.0,0.0,0,0,0.0,55.0,257772,0,0
533,Mukiele,Sunderland,DEF,2,19,10,1,90,1,9,0,0,1,0.0,0.01,0.01,5.3,1,28,19.0,55.0,244003,5588,38587
533,Mukiele,Sunderland,DEF,3,22,4,0,90,1,4,0,0,0,0.0,0.02,0.02,3.7,0,16,14.0,55.0,247977,21418,24805
532,Ballard,Sunderland,DEF,1,5,12,0,90,1,0,0,0,0,0.0,0.01,0.01,1.9,0,4,9.0,50.0,518741,0,0
532,Ballard,Sunderland,DEF,2,19,10,1,90,1,8,0,0,1,0.03,0.0,0.03,3.2,0,27,10.0,50.0,495946,12798,49704
532,Ballard,Sunderland,DEF,3,22,4,0,90,1,4,0,0,0,0.06,0.14,0.2,4.3,0,12,10.0,50.0,398900,15628,94795
535,Alderete,Sunderland,DEF,1,5,12,0,23,0,1,0,0,0,0.0,0.01,0.01,0.0,0,2,0.0,50.0,41929,0,0
535,Alderete,Sunderland,DEF,2,19,10,1,0,0,0,0,0,0,0.0,0.0,0.0,0.0,0,0,0.0,50.0,43620,2597,5264
535,Alderete,Sunderland,DEF,3,22,4,0,0,0,0,0,0,0,0.0,0.0,0.0,0.0,0,0,0.0,50.0,35107,1476,10040
534,Hume,Sunderland,DEF,1,5,12,0,79,1,2,0,0,0,0.04,0.27,0.31,6.2,0,14,4.0,45.0,641436,0,0
534,Hume,Sunderland,DEF,2,19,10,1,90,1,6,0,0,1,0.0,0.01,0.01,4.0,0,24,6.0,45.0,631620,13619,37371
534,Hume,Sunderland,DEF,3,22,4,0,26,0,1,0,0,0,0.0,0.0,0.0,0.4,0,8,2.0,45.0,528010,17561,86553
538,Hjelde,Sunderland,DEF,1,5,12,0,0,0,0,0,0,0,0.0,0.0,0.0,0.0,0,0,0.0,40.0,6220,0,0
538,Hjelde,Sunderland,DEF,2,19,10,1,0,0,0,0,0,0,0.0,0.0,0.0,0.0,0,0,0.0,40.0,5174,0,990
538,Hjelde,Sunderland,DEF,3,22,4,0,0,0,0,0,0,0,0.0,0.0,0.0,0.0,0,0,0.0,40.0,4484,0,680
537,Seelt,Sunderland,DEF,1,5,12,0,0,0,0,0,0,0,0.0,0.0,0.0,0.0,0,0,0.0,45.0,941,0,0
537,Seelt,Sunderland,DEF,2,19,10,1,0,0,0,0,0,0,0.0,0.0,0.0,0.0,0,0,0.0,45.0,1055,58,127
537,Seelt,Sunderland,DEF,3,22,4,0,0,0,0,0,0,0,0.0,0.0,0.0,0.0,0,0,0.0,45.0,701,3,360
536,Reinildo,Sunderland,DEF,1,5,12,0,90,1,1,0,0,0,0.0,0.29,0.29,5.5,0,9,8.0,45.0,43515,0,0
536,Reinildo,Sunderland,DEF,2,19,10,1,90,1,6,0,0,1,0.0,0.01,0.01,2.4,0,26,7.0,45.0,44204,975,3578
536,Reinildo,Sunderland,DEF,3,22,4,0,90,1,2,0,0,0,0.0,0.01,0.01,1.6,0,14,7.0,45.0,41923,1972,4323
542,E.Le Fée,Sunderland,MID,1,5,12,0,79,1,2,0,0,0,0.0,0.03,0.03,1.5,0,13,2.0,60.0,942702,0,0
542,E.Le Fée,Sunderland,MID,2,19,10,1,89,1,3,0,0,1,0.37,0.17,0.54,5.5,0,13,6.0,60.0,853085,11386,115110
542,E.Le Fée,Sunderland,MID,3,22,4,0,90,1,8,1,0,0,0.84,0.03,0.87,6.8,1,25,6.0,59.0,564317,7320,263850
539,O'Nien,Sunderland,DEF,1,5,12,0,66,1,1,0,0,0,0.01,0.01,0.02,1.7,0,1,5.0,40.0,332959,0,0
539,O'Nien,Sunderland,DEF,2,19,10,1,0,0,0,0,0,0,0.0,0.0,0.0,0.0,0,0,0.0,40.0,338160,4602,17539
539,O'Nien,Sunderland,DEF,3,22,4,0,0,0,0,0,0,0,0.0,0.0,0.0,0.0,0,0,0.0,40.0,310001,5301,33130
540,Masuaku,Sunderland,DEF,1,5,12,0,0,0,0,0,0,0,0.0,0.0,0.0,0.0,0,0,0.0,40.0,25578,0,0
540,Masuaku,Sunderland,DEF,2,19,10,1,0,0,0,0,0,0,0.0,0.0,0.0,0.0,0,0,0.0,40.0,20421,0,4868
540,Masuaku,Sunderland,DEF,3,22,4,0,0,0,0,0,0,0,0.0,0.0,0.0,0.0,0,0,0.0,40.0,17428,0,3070
541,Meunier,Sunderland,DEF,1,5,12,0,90,1,1,0,0,0,0.08,0.08,0.16,3.0,0,5,4.0,45.0,26928,0,0
541,Meunier,Sunderland,DEF,2,19,10,1,90,1,6,0,0,1,0.02,0.05,0.07,5.2,0,27,8.0,45.0,29834,1010,1718
541,Meunier,Sunderland,DEF,3,22,4,0,63,1,2,0,0,0,0.11,0.0,0.11,1.3,0,0,2.0,45.0,30963,2639,2338
544,Xhaka,Sunderland,MID,1,5,12,0,90,1,9,0,1,0,0.0,0.09,0.09,5.0,2,31,13.0,55.0,392611,0,0
544,Xhaka,Sunderland,MID,2,19,10,1,90,1,6,0,0,1,0.0,0.36,0.36,7.8,3,29,7.0,55.0,464299,42781,18215
544,Xhaka,Sunderland,MID,3,22,4,0,90,1,3,0,0,0,0.06,0.12,0.18,3.9,0,12,15.0,55.0,475519,45125,47076
546,Adingra,Sunderland,MID,1,5,12,0,0,0,0,0,0,0,0.0,0.0,0.0,0.0,0,0,0.0,50.0,9551,0,0
546,Adingra,Sunderland,MID,2,19,10,1,0,0,0,0,0,0,0.0,0.0,0.0,0.0,0,0,0.0,50.0,6042,53,3559
546,Adingra,Sunderland,MID,3,22,4,0,0,0,0,0,0,0,0.0,0.0,0.0,0.0,0,0,0.0,49.0,4340,187,1936
543,Diarra,Sunderland,MID,1,5,12,0,10,0,1,0,0,0,0.03,0.0,0.03,0.3,0,3,0.0,55.0,6286,0,0
543,Diarra,Sunderland,MID,2,19,10,1,18,0,4,0,1,0,0.0,0.16,0.16,2.6,0,15,0.0,55.0,6801,335,1177
543,Diarra,Sunderland,MID,3,22,4,0,0,0,0,0,0,0,0.0,0.0,0.0,0.0,0,0,0.0,55.0,4664,164,2306
545,Sadiki,Sunderland,MID,1,5,12,0,90,1,2,0,0,0,0.06,0.03,0.09,7.2,0,18,2.0,50.0,32634,0,0
545,Sadiki,Sunderland,MID,2,19,10,1,90,1,3,0,0,1,0.02,0.02,0.04,3.2,0,21,11.0,50.0,32341,1165,3497
545,Sadiki,Sunderland,MID,3,22,4,0,73,1,1,0,0,0,0.28,0.18,0.46,7.2,0,16,3.0,50.0,29609,1887,4950
547,Mundle,Sunderland,MID,1,5,12,0,0,0,0,0,0,0,0.0,0.0,0.0,0.0,0,0,0.0,50.0,801,0,0
547,Mundle,Sunderland,MID,2,19,10,1,1,0,1,0,0,0,0.17,0.0,0.17,2.5,0,2,1.0,50.0,822,40,150
547,Mundle,Sunderland,MID,3,22,4,0,0,0,0,0,0,0,0.0,0.0,0.0,0.0,0,0,0.0,50.0,810,83,134
550,Jocelin.T,Sunderland,MID,1,5,12,0,0,0,0,0,0,0,0.0,0.0,0.0,0.0,0,0,0.0,50.0,501,0,0
550,Jocelin.T,Sunderland,MID,2,19,10,1,0,0,0,0,0,0,0.0,0.0,0.0,0.0,0,0,0.0,50.0,569,51,101
550,Jocelin.T,Sunderland,MID,3,22,4,0,0,0,0,0,0,0,0.0,0.0,0.0,0.0,0,0,0.0,50.0,602,80,101
549,Talbi,Sunderland,MID,1,5,12,0,31,0,1,0,0,0,0.0,0.0,0.0,0.0,0,1,2.0,55.0,20822,0,0
549,Talbi,Sunderland,MID,2,19,10,1,0,0,0,0,0,0,0.0,0.0,0.0,0.0,0,0,0.0,55.0,20684,284,2844
549,Talbi,Sunderland,MID,3,22,4,0,0,0,0,0,0,0,0.0,0.0,0.0,0.0,0,0,0.0,54.0,17189,427,4127
548,Rigg,Sunderland,MID,1,5,12,0,10,0,1,0,0,0,0.0,0.0,0.0,0.0,0,3,1.0,50.0,6214,0,0
548,Rigg,Sunderland,MID,2,19,10,1,7,0,1,0,0,0,0.0,0.0,0.0,0.0,0,3,0.0,50.0,6409,99,620
548,Rigg,Sunderland,MID,3,22,4,0,0,0,0,0,0,0,0.0,0.0,0.0,0.0,0,0,0.0,50.0,5751,143,862
612,Methalie,Sunderland,DEF,2,19,10,1,0,0,0,0,0,0,0.0,0.0,0.0,0.0,0,0,0.0,45.0,156,95,27
612,Methalie,Sunderland,DEF,3,22,4,0,0,0,0,0,0,0,0.0,0.0,0.0,0.0,0,0,0.0,45.0,632,362,100
613,Ahoka,Sunderland,MID,2,19,10,1,0,0,0,0,0,0,0.0,0.0,0.0,0.0,0,0,0.0,45.0,6052,2475,398
613,Ahoka,Sunderland,MID,3,22,4,0,0,0,0,0,0,0,0.0,0.0,0.0,0.0,0,0,0.0,45.0,27345,13182,4298
646,Fofana,Sunderland,MID,3,22,4,0,16,0,1,0,0,0,0.0,0.0,0.0,0.1,0,3,0.0,55.0,2246,2071,239
651,J.Angulo,Sunderland,FWD,3,22,4,0,0,0,0,0,0,0,0.0,0.0,0.0,0.0,0,0,0.0,45.0,27023,15939,1836
552,Brobbey,Sunderland,FWD,1,5,12,0,66,1,2,0,0,0,0.3,0.0,0.3,1.1,0,1,0.0,60.0,1279847,0,0
552,Brobbey,Sunderland,FWD,2,19,10,1,63,1,2,0,0,1,0.03,0.0,0.03,0.7,0,5,4.0,60.0,1261093,38269,119627
552,Brobbey,Sunderland,FWD,3,22,4,0,90,1,2,0,0,0,0.26,0.06,0.32,7.1,0,11,3.0,59.0,912046,27284,349017
551,N.Angulo,Sunderland,MID,1,5,12,0,58,1,5,1,0,0,0.15,0.01,0.16,5.2,0,23,7.0,50.0,5260,0,0
551,N.Angulo,Sunderland,MID,2,19,10,1,64,1,3,0,0,1,0.0,0.04,0.04,2.4,0,13,5.0,50.0,13112,5343,1379
551,N.Angulo,Sunderland,MID,3,22,4,0,63,1,2,0,0,0,0.0,0.07,0.07,3.0,0,11,5.0,50.0,15646,4768,3112
553,Isidor,Sunderland,FWD,1,5,12,0,23,0,1,0,0,0,0.0,0.0,0.0,0.0,0,3,0.0,55.0,90196,0,0
553,Isidor,Sunderland,FWD,2,19,10,1,26,0,8,1,0,0,1.39,0.0,1.39,5.4,3,29,0.0,55.0,85703,2470,12921
553,Isidor,Sunderland,FWD,3,22,4,0,26,0,4,0,1,0,0.1,0.01,0.11,1.1,0,15,2.0,55.0,116229,35830,14557
